motivo_rejeicao,nome_original_csv,nome_limpo,spacy_pessoa,spacy_entidades,estado,data_publicacao,tipo_ato,cargo,orgao,assinante,cargo_assinante,categoria_assinante,autoria_ato,governador_edicao,representante_governo,origem_representante,representante_origem,fonte_url,arquivo_markdown,arquivo_csv,linha_csv
termo_administrativo,INDICADA NO ANEXO QUE INTEGRA ESTA RESOLUÇÃO,INDICADA NO ANEXO QUE INTEGRA ESTA RESOLUÇÃO,nao,INDICADA:MISC|INTEGRA:ORG|RESOLUÇÃO:MISC|Anexo:LOC,SP,2026-09-15,nomeacao,,,,Secretario,5,Secretaria/Subsecretaria,Tarcisio de Freitas - Governador,Tarcisio de Freitas,Executivo estadual,Tarcisio de Freitas (Executivo estadual),http://do-api-publication-pdf.doe.sp.gov.br/v1/editions/d9e07ddb-b742-451c-b5bc-9f54b378ef7b,D:\github\exoneracoes_nomeacoes_dou\LAKE\SP\2026\09\DOESP_EXECUTIVO_ATOS_DE_PESSOAL_2026-09-15.md,D:\github\exoneracoes_nomeacoes_dou\saida\SP\DOESP_2026.csv,2
termo_administrativo,INDICADA NO ANEXO QUE INTEGRA ESTA RESOLUÇÃO,INDICADA NO ANEXO QUE INTEGRA ESTA RESOLUÇÃO,nao,INDICADA:MISC|INTEGRA:ORG|RESOLUÇÃO:MISC|Anexo:LOC,SP,2026-09-14,exoneracao,do cargo em comissão CCESP de que trata o Anexo II do,,,Secretario,5,Secretaria/Subsecretaria,Tarcisio de Freitas - Governador,Tarcisio de Freitas,Executivo estadual,Tarcisio de Freitas (Executivo estadual),http://do-api-publication-pdf.doe.sp.gov.br/v1/editions/05bcc3b6-80e4-47f4-b7a6-33e31343bef5,D:\github\exoneracoes_nomeacoes_dou\LAKE\SP\2026\09\DOESP_EXECUTIVO_ATOS_DE_PESSOAL_2026-09-14.md,D:\github\exoneracoes_nomeacoes_dou\saida\SP\DOESP_2026.csv,11
termo_administrativo,INDICADO NO ANEXO QUE INTEGRA ESTA RESOLUÇÃO,INDICADO NO ANEXO QUE INTEGRA ESTA RESOLUÇÃO,nao,INDICADO:MISC|INTEGRA:ORG|RESOLUÇÃO:MISC|Anexo:LOC,SP,2026-09-14,exoneracao,do cargo em comissão CCESP,,,Secretario,5,Secretaria/Subsecretaria,Tarcisio de Freitas - Governador,Tarcisio de Freitas,Executivo estadual,Tarcisio de Freitas (Executivo estadual),http://do-api-publication-pdf.doe.sp.gov.br/v1/editions/05bcc3b6-80e4-47f4-b7a6-33e31343bef5,D:\github\exoneracoes_nomeacoes_dou\LAKE\SP\2026\09\DOESP_EXECUTIVO_ATOS_DE_PESSOAL_2026-09-14.md,D:\github\exoneracoes_nomeacoes_dou\saida\SP\DOESP_2026.csv,14
termo_administrativo,INDICADO NO ANEXO QUE INTEGRA ESTA RESOLUÇÃO,INDICADO NO ANEXO QUE INTEGRA ESTA RESOLUÇÃO,nao,INDICADO:MISC|INTEGRA:ORG|RESOLUÇÃO:MISC|Anexo:LOC,SP,2026-09-14,exoneracao,do cargo em comissão CCESP,,,Secretario,5,Secretaria/Subsecretaria,Tarcisio de Freitas - Governador,Tarcisio de Freitas,Executivo estadual,Tarcisio de Freitas (Executivo estadual),http://do-api-publication-pdf.doe.sp.gov.br/v1/editions/05bcc3b6-80e4-47f4-b7a6-33e31343bef5,D:\github\exoneracoes_nomeacoes_dou\LAKE\SP\2026\09\DOESP_EXECUTIVO_ATOS_DE_PESSOAL_2026-09-14.md,D:\github\exoneracoes_nomeacoes_dou\saida\SP\DOESP_2026.csv,15
termo_administrativo,INDICADA NO ANEXO QUE INTEGRA ESTA RESOLUÇÃO,INDICADA NO ANEXO QUE INTEGRA ESTA RESOLUÇÃO,nao,INDICADA:MISC|INTEGRA:ORG|RESOLUÇÃO:MISC|Anexo:LOC,SP,2026-09-14,exoneracao,do cargo em comissão CCESP,,,Secretario,5,Secretaria/Subsecretaria,Tarcisio de Freitas - Governador,Tarcisio de Freitas,Executivo estadual,Tarcisio de Freitas (Executivo estadual),http://do-api-publication-pdf.doe.sp.gov.br/v1/editions/05bcc3b6-80e4-47f4-b7a6-33e31343bef5,D:\github\exoneracoes_nomeacoes_dou\LAKE\SP\2026\09\DOESP_EXECUTIVO_ATOS_DE_PESSOAL_2026-09-14.md,D:\github\exoneracoes_nomeacoes_dou\saida\SP\DOESP_2026.csv,16
termo_administrativo,INDICADO NO ANEXO QUE INTEGRA ESTA RESOLUÇÃO,INDICADO NO ANEXO QUE INTEGRA ESTA RESOLUÇÃO,nao,INDICADO:MISC|INTEGRA:ORG|RESOLUÇÃO:MISC|Anexo:LOC,SP,2026-09-14,nomeacao,,,,Secretario,5,Secretaria/Subsecretaria,Tarcisio de Freitas - Governador,Tarcisio de Freitas,Executivo estadual,Tarcisio de Freitas (Executivo estadual),http://do-api-publication-pdf.doe.sp.gov.br/v1/editions/05bcc3b6-80e4-47f4-b7a6-33e31343bef5,D:\github\exoneracoes_nomeacoes_dou\LAKE\SP\2026\09\DOESP_EXECUTIVO_ATOS_DE_PESSOAL_2026-09-14.md,D:\github\exoneracoes_nomeacoes_dou\saida\SP\DOESP_2026.csv,17
termo_administrativo,INDICADA NO ANEXO QUE INTEGRA ESTA RESOLUÇÃO,INDICADA NO ANEXO QUE INTEGRA ESTA RESOLUÇÃO,nao,INDICADA:MISC|INTEGRA:ORG|RESOLUÇÃO:MISC|Anexo:LOC,SP,2026-09-14,nomeacao,,,,Secretario,5,Secretaria/Subsecretaria,Tarcisio de Freitas - Governador,Tarcisio de Freitas,Executivo estadual,Tarcisio de Freitas (Executivo estadual),http://do-api-publication-pdf.doe.sp.gov.br/v1/editions/05bcc3b6-80e4-47f4-b7a6-33e31343bef5,D:\github\exoneracoes_nomeacoes_dou\LAKE\SP\2026\09\DOESP_EXECUTIVO_ATOS_DE_PESSOAL_2026-09-14.md,D:\github\exoneracoes_nomeacoes_dou\saida\SP\DOESP_2026.csv,18
inicio_suspeito,QUE INTEGRAM A PRESENTE,QUE INTEGRAM A PRESENTE,nao,INTEGRAM:LOC|PRESENTE:LOC|A Presente:MISC,SP,2026-09-14,exoneracao,,,,Secretario,5,Secretaria/Subsecretaria,Tarcisio de Freitas - Governador,Tarcisio de Freitas,Executivo estadual,Tarcisio de Freitas (Executivo estadual),http://do-api-publication-pdf.doe.sp.gov.br/v1/editions/05bcc3b6-80e4-47f4-b7a6-33e31343bef5,D:\github\exoneracoes_nomeacoes_dou\LAKE\SP\2026\09\DOESP_EXECUTIVO_ATOS_DE_PESSOAL_2026-09-14.md,D:\github\exoneracoes_nomeacoes_dou\saida\SP\DOESP_2026.csv,25
inicio_suspeito,QUE INTEGRAM A PRESENTE,QUE INTEGRAM A PRESENTE,nao,INTEGRAM:LOC|PRESENTE:LOC|A Presente:MISC,SP,2026-09-14,nomeacao,,,,Secretario,5,Secretaria/Subsecretaria,Tarcisio de Freitas - Governador,Tarcisio de Freitas,Executivo estadual,Tarcisio de Freitas (Executivo estadual),http://do-api-publication-pdf.doe.sp.gov.br/v1/editions/05bcc3b6-80e4-47f4-b7a6-33e31343bef5,D:\github\exoneracoes_nomeacoes_dou\LAKE\SP\2026\09\DOESP_EXECUTIVO_ATOS_DE_PESSOAL_2026-09-14.md,D:\github\exoneracoes_nomeacoes_dou\saida\SP\DOESP_2026.csv,26
inicio_suspeito,QUE INTEGRA A PRESENTE,QUE INTEGRA A PRESENTE,nao,INTEGRA:ORG|PRESENTE:LOC,SP,2026-09-14,nomeacao,,,,Secretario,5,Secretaria/Subsecretaria,Tarcisio de Freitas - Governador,Tarcisio de Freitas,Executivo estadual,Tarcisio de Freitas (Executivo estadual),http://do-api-publication-pdf.doe.sp.gov.br/v1/editions/05bcc3b6-80e4-47f4-b7a6-33e31343bef5,D:\github\exoneracoes_nomeacoes_dou\LAKE\SP\2026\09\DOESP_EXECUTIVO_ATOS_DE_PESSOAL_2026-09-14.md,D:\github\exoneracoes_nomeacoes_dou\saida\SP\DOESP_2026.csv,27
tem_numero;inicio_suspeito,DE 22 DE DEZEMBRO DE 2023,DE 22 DE DEZEMBRO DE,nao,,SP,2026-09-14,nomeacao,para exercer o cargo em comissão de que trata o Anexo II do,,,Secretario,5,Secretaria/Subsecretaria,Tarcisio de Freitas - Governador,Tarcisio de Freitas,Executivo estadual,Tarcisio de Freitas (Executivo estadual),http://do-api-publication-pdf.doe.sp.gov.br/v1/editions/05bcc3b6-80e4-47f4-b7a6-33e31343bef5,D:\github\exoneracoes_nomeacoes_dou\LAKE\SP\2026\09\DOESP_EXECUTIVO_ATOS_DE_PESSOAL_2026-09-14.md,D:\github\exoneracoes_nomeacoes_dou\saida\SP\DOESP_2026.csv,28
tem_numero,COMBINADO COM O INCISO II DO ARTIGO 13 DO,COMBINADO COM O INCISO II DO ARTIGO 13 DO,nao,COMBINADO:MISC|O INCISO II DO ARTIGO:MISC|O Inciso:MISC,SP,2026-09-14,exoneracao,,,,Secretario,5,Secretaria/Subsecretaria,Tarcisio de Freitas - Governador,Tarcisio de Freitas,Executivo estadual,Tarcisio de Freitas (Executivo estadual),http://do-api-publication-pdf.doe.sp.gov.br/v1/editions/05bcc3b6-80e4-47f4-b7a6-33e31343bef5,D:\github\exoneracoes_nomeacoes_dou\LAKE\SP\2026\09\DOESP_EXECUTIVO_ATOS_DE_PESSOAL_2026-09-14.md,D:\github\exoneracoes_nomeacoes_dou\saida\SP\DOESP_2026.csv,29
termo_administrativo,INDICADO NO ANEXO QUE INTEGRA ESTA RESOLUÇÃO,INDICADO NO ANEXO QUE INTEGRA ESTA RESOLUÇÃO,nao,INDICADO:MISC|INTEGRA:ORG|RESOLUÇÃO:MISC|Anexo:LOC,SP,2026-09-11,nomeacao,,,,Secretario,5,Secretaria/Subsecretaria,Tarcisio de Freitas - Governador,Tarcisio de Freitas,Executivo estadual,Tarcisio de Freitas (Executivo estadual),http://do-api-publication-pdf.doe.sp.gov.br/v1/editions/0ec6c47d-8a32-455b-a34e-be00f42c4d65,D:\github\exoneracoes_nomeacoes_dou\LAKE\SP\2026\09\DOESP_EXECUTIVO_ATOS_DE_PESSOAL_2026-09-11.md,D:\github\exoneracoes_nomeacoes_dou\saida\SP\DOESP_2026.csv,35
inicio_suspeito,QUE INTEGRA A PRESENTE,QUE INTEGRA A PRESENTE,nao,INTEGRA:ORG|PRESENTE:LOC,SP,2026-09-10,nomeacao,,,,Secretario,5,Secretaria/Subsecretaria,Tarcisio de Freitas - Governador,Tarcisio de Freitas,Executivo estadual,Tarcisio de Freitas (Executivo estadual),http://do-api-publication-pdf.doe.sp.gov.br/v1/editions/d4d21a93-31fd-4b51-b621-bbc57240e1c9,D:\github\exoneracoes_nomeacoes_dou\LAKE\SP\2026\09\DOESP_EXECUTIVO_ATOS_DE_PESSOAL_2026-09-10.md,D:\github\exoneracoes_nomeacoes_dou\saida\SP\DOESP_2026.csv,62
tem_numero;inicio_suspeito,DE 22 DE DEZEMBRO DE 2023,DE 22 DE DEZEMBRO DE,nao,,SP,2026-09-10,nomeacao,para exercer o cargo em comissão,,,Secretario,5,Secretaria/Subsecretaria,Tarcisio de Freitas - Governador,Tarcisio de Freitas,Executivo estadual,Tarcisio de Freitas (Executivo estadual),http://do-api-publication-pdf.doe.sp.gov.br/v1/editions/d4d21a93-31fd-4b51-b621-bbc57240e1c9,D:\github\exoneracoes_nomeacoes_dou\LAKE\SP\2026\09\DOESP_EXECUTIVO_ATOS_DE_PESSOAL_2026-09-10.md,D:\github\exoneracoes_nomeacoes_dou\saida\SP\DOESP_2026.csv,63
tem_numero,COMBINADO COM O INCISO II DO ARTIGO 13 DO,COMBINADO COM O INCISO II DO ARTIGO 13 DO,nao,COMBINADO:MISC|O INCISO II DO ARTIGO:MISC|O Inciso:MISC,SP,2026-09-10,exoneracao,,,,Secretario,5,Secretaria/Subsecretaria,Tarcisio de Freitas - Governador,Tarcisio de Freitas,Executivo estadual,Tarcisio de Freitas (Executivo estadual),http://do-api-publication-pdf.doe.sp.gov.br/v1/editions/d4d21a93-31fd-4b51-b621-bbc57240e1c9,D:\github\exoneracoes_nomeacoes_dou\LAKE\SP\2026\09\DOESP_EXECUTIVO_ATOS_DE_PESSOAL_2026-09-10.md,D:\github\exoneracoes_nomeacoes_dou\saida\SP\DOESP_2026.csv,64
tem_numero,COMBINADO COM O INCISO II DO ARTIGO 13 DO,COMBINADO COM O INCISO II DO ARTIGO 13 DO,nao,COMBINADO:MISC|O INCISO II DO ARTIGO:MISC|O Inciso:MISC,SP,2026-09-10,exoneracao,,,,Secretario,5,Secretaria/Subsecretaria,Tarcisio de Freitas - Governador,Tarcisio de Freitas,Executivo estadual,Tarcisio de Freitas (Executivo estadual),http://do-api-publication-pdf.doe.sp.gov.br/v1/editions/d4d21a93-31fd-4b51-b621-bbc57240e1c9,D:\github\exoneracoes_nomeacoes_dou\LAKE\SP\2026\09\DOESP_EXECUTIVO_ATOS_DE_PESSOAL_2026-09-10.md,D:\github\exoneracoes_nomeacoes_dou\saida\SP\DOESP_2026.csv,65
termo_administrativo,INDICADO NO ANEXO QUE INTEGRA ESTA RESOLUÇÃO,INDICADO NO ANEXO QUE INTEGRA ESTA RESOLUÇÃO,nao,INDICADO:MISC|INTEGRA:ORG|RESOLUÇÃO:MISC|Anexo:LOC,SP,2026-09-09,nomeacao,,,,Secretario,5,Secretaria/Subsecretaria,Tarcisio de Freitas - Governador,Tarcisio de Freitas,Executivo estadual,Tarcisio de Freitas (Executivo estadual),http://do-api-publication-pdf.doe.sp.gov.br/v1/editions/67dfc674-d56b-48d9-8e38-03f5857578a1,D:\github\exoneracoes_nomeacoes_dou\LAKE\SP\2026\09\DOESP_EXECUTIVO_ATOS_DE_PESSOAL_2026-09-09.md,D:\github\exoneracoes_nomeacoes_dou\saida\SP\DOESP_2026.csv,70
termo_administrativo,INDICADO NO ANEXO QUE INTEGRA ESTA RESOLUÇÃO,INDICADO NO ANEXO QUE INTEGRA ESTA RESOLUÇÃO,nao,INDICADO:MISC|INTEGRA:ORG|RESOLUÇÃO:MISC|Anexo:LOC,SP,2026-09-09,exoneracao,do cargo em Comissão CCESP de que trata o Anexo II do,,,Secretario,5,Secretaria/Subsecretaria,Tarcisio de Freitas - Governador,Tarcisio de Freitas,Executivo estadual,Tarcisio de Freitas (Executivo estadual),http://do-api-publication-pdf.doe.sp.gov.br/v1/editions/67dfc674-d56b-48d9-8e38-03f5857578a1,D:\github\exoneracoes_nomeacoes_dou\LAKE\SP\2026\09\DOESP_EXECUTIVO_ATOS_DE_PESSOAL_2026-09-09.md,D:\github\exoneracoes_nomeacoes_dou\saida\SP\DOESP_2026.csv,71
termo_administrativo,INDICADA NO ANEXO QUE INTEGRA ESTA RESOLUÇÃO,INDICADA NO ANEXO QUE INTEGRA ESTA RESOLUÇÃO,nao,INDICADA:MISC|INTEGRA:ORG|RESOLUÇÃO:MISC|Anexo:LOC,SP,2026-09-08,exoneracao,do cargo em comissão CCESP,,,Secretario,5,Secretaria/Subsecretaria,Tarcisio de Freitas - Governador,Tarcisio de Freitas,Executivo estadual,Tarcisio de Freitas (Executivo estadual),http://do-api-publication-pdf.doe.sp.gov.br/v1/editions/17dd7d64-d782-407e-8155-d2b6a5d27f7f,D:\github\exoneracoes_nomeacoes_dou\LAKE\SP\2026\09\DOESP_EXECUTIVO_ATOS_DE_PESSOAL_2026-09-08.md,D:\github\exoneracoes_nomeacoes_dou\saida\SP\DOESP_2026.csv,110
tem_numero;inicio_suspeito,DE 12 DE MAIO DE 1978: A PARTIR DE 08/09/2026 DANIELE GOMES SILVA,DE 12 DE MAIO DE 1978: A PARTIR DE 08/09/2026 DANIELE GOMES SILVA,sim,MAIO:MISC|PARTIR:ORG|De Maio:MISC|Gomes Silva:PER,SP,2026-09-08,exoneracao,no cargo de Assistente II CCESP 2,na Subsecretaria Pedagógica do Quadro da Secretaria da Educação,,Secretario - Secretaria de Estado da Educação,5,Secretaria/Subsecretaria,Tarcisio de Freitas - Governador,Tarcisio de Freitas,Executivo estadual,Tarcisio de Freitas (Executivo estadual),http://do-api-publication-pdf.doe.sp.gov.br/v1/editions/17dd7d64-d782-407e-8155-d2b6a5d27f7f,D:\github\exoneracoes_nomeacoes_dou\LAKE\SP\2026\09\DOESP_EXECUTIVO_ATOS_DE_PESSOAL_2026-09-08.md,D:\github\exoneracoes_nomeacoes_dou\saida\SP\DOESP_2026.csv,114
inicio_suspeito;termo_administrativo,DE QUE TRATA O ANEXO II DO,DE QUE TRATA O ANEXO II DO,nao,ANEXO II:MISC|De Que Trata:MISC,SP,2026-09-08,exoneracao,,,,Secretario,5,Secretaria/Subsecretaria,Tarcisio de Freitas - Governador,Tarcisio de Freitas,Executivo estadual,Tarcisio de Freitas (Executivo estadual),http://do-api-publication-pdf.doe.sp.gov.br/v1/editions/17dd7d64-d782-407e-8155-d2b6a5d27f7f,D:\github\exoneracoes_nomeacoes_dou\LAKE\SP\2026\09\DOESP_EXECUTIVO_ATOS_DE_PESSOAL_2026-09-08.md,D:\github\exoneracoes_nomeacoes_dou\saida\SP\DOESP_2026.csv,119
inicio_suspeito,QUE INTEGRA A PRESENTE,QUE INTEGRA A PRESENTE,nao,INTEGRA:ORG|PRESENTE:LOC,SP,2026-09-08,exoneracao,,,,Secretario,5,Secretaria/Subsecretaria,Tarcisio de Freitas - Governador,Tarcisio de Freitas,Executivo estadual,Tarcisio de Freitas (Executivo estadual),http://do-api-publication-pdf.doe.sp.gov.br/v1/editions/17dd7d64-d782-407e-8155-d2b6a5d27f7f,D:\github\exoneracoes_nomeacoes_dou\LAKE\SP\2026\09\DOESP_EXECUTIVO_ATOS_DE_PESSOAL_2026-09-08.md,D:\github\exoneracoes_nomeacoes_dou\saida\SP\DOESP_2026.csv,124
inicio_suspeito,QUE INTEGRAM A PRESENTE,QUE INTEGRAM A PRESENTE,nao,INTEGRAM:LOC|PRESENTE:LOC|A Presente:MISC,SP,2026-09-08,nomeacao,,,,Secretario,5,Secretaria/Subsecretaria,Tarcisio de Freitas - Governador,Tarcisio de Freitas,Executivo estadual,Tarcisio de Freitas (Executivo estadual),http://do-api-publication-pdf.doe.sp.gov.br/v1/editions/17dd7d64-d782-407e-8155-d2b6a5d27f7f,D:\github\exoneracoes_nomeacoes_dou\LAKE\SP\2026\09\DOESP_EXECUTIVO_ATOS_DE_PESSOAL_2026-09-08.md,D:\github\exoneracoes_nomeacoes_dou\saida\SP\DOESP_2026.csv,125
tem_numero;inicio_suspeito,DE 22 DE DEZEMBRO DE 2023,DE 22 DE DEZEMBRO DE,nao,,SP,2026-09-08,nomeacao,para exercer o cargo em comissão,,,Secretario,5,Secretaria/Subsecretaria,Tarcisio de Freitas - Governador,Tarcisio de Freitas,Executivo estadual,Tarcisio de Freitas (Executivo estadual),http://do-api-publication-pdf.doe.sp.gov.br/v1/editions/17dd7d64-d782-407e-8155-d2b6a5d27f7f,D:\github\exoneracoes_nomeacoes_dou\LAKE\SP\2026\09\DOESP_EXECUTIVO_ATOS_DE_PESSOAL_2026-09-08.md,D:\github\exoneracoes_nomeacoes_dou\saida\SP\DOESP_2026.csv,126
tem_numero,COMBINADO COM O INCISO II DO ARTIGO 13 DO,COMBINADO COM O INCISO II DO ARTIGO 13 DO,nao,COMBINADO:MISC|O INCISO II DO ARTIGO:MISC|O Inciso:MISC,SP,2026-09-08,exoneracao,,,,Secretario,5,Secretaria/Subsecretaria,Tarcisio de Freitas - Governador,Tarcisio de Freitas,Executivo estadual,Tarcisio de Freitas (Executivo estadual),http://do-api-publication-pdf.doe.sp.gov.br/v1/editions/17dd7d64-d782-407e-8155-d2b6a5d27f7f,D:\github\exoneracoes_nomeacoes_dou\LAKE\SP\2026\09\DOESP_EXECUTIVO_ATOS_DE_PESSOAL_2026-09-08.md,D:\github\exoneracoes_nomeacoes_dou\saida\SP\DOESP_2026.csv,127
inicio_suspeito;termo_administrativo,QUE INTEGRA ESTA RESOLUÇÃO,QUE INTEGRA ESTA RESOLUÇÃO,nao,INTEGRA:ORG|RESOLUÇÃO:MISC|Integra Esta Resolução:MISC,SP,2026-09-08,exoneracao,do cargo em comissão de que trata o Anexo II,,,Secretario,5,Secretaria/Subsecretaria,Tarcisio de Freitas - Governador,Tarcisio de Freitas,Executivo estadual,Tarcisio de Freitas (Executivo estadual),http://do-api-publication-pdf.doe.sp.gov.br/v1/editions/17dd7d64-d782-407e-8155-d2b6a5d27f7f,D:\github\exoneracoes_nomeacoes_dou\LAKE\SP\2026\09\DOESP_EXECUTIVO_ATOS_DE_PESSOAL_2026-09-08.md,D:\github\exoneracoes_nomeacoes_dou\saida\SP\DOESP_2026.csv,129
inicio_suspeito;termo_administrativo,QUE INTEGRA ESTA RESOLUÇÃO,QUE INTEGRA ESTA RESOLUÇÃO,nao,INTEGRA:ORG|RESOLUÇÃO:MISC|Integra Esta Resolução:MISC,SP,2026-09-08,nomeacao,,,,Secretario,5,Secretaria/Subsecretaria,Tarcisio de Freitas - Governador,Tarcisio de Freitas,Executivo estadual,Tarcisio de Freitas (Executivo estadual),http://do-api-publication-pdf.doe.sp.gov.br/v1/editions/17dd7d64-d782-407e-8155-d2b6a5d27f7f,D:\github\exoneracoes_nomeacoes_dou\LAKE\SP\2026\09\DOESP_EXECUTIVO_ATOS_DE_PESSOAL_2026-09-08.md,D:\github\exoneracoes_nomeacoes_dou\saida\SP\DOESP_2026.csv,130
termo_administrativo,INDICADA NO ANEXO QUE INTEGRA ESTA RESOLUÇÃO,INDICADA NO ANEXO QUE INTEGRA ESTA RESOLUÇÃO,nao,INDICADA:MISC|INTEGRA:ORG|RESOLUÇÃO:MISC|Anexo:LOC,SP,2026-09-16,exoneracao,do cargo em comissão CCESP,,,Secretario,5,Secretaria/Subsecretaria,Tarcisio de Freitas - Governador,Tarcisio de Freitas,Executivo estadual,Tarcisio de Freitas (Executivo estadual),http://do-api-publication-pdf.doe.sp.gov.br/v1/editions/53fa3a0f-38d9-4616-9335-490b71497af7,D:\github\exoneracoes_nomeacoes_dou\LAKE\SP\2026\09\DOESP_EXECUTIVO_ATOS_DE_PESSOAL_2026-09-16.md,D:\github\exoneracoes_nomeacoes_dou\saida\SP\DOESP_2026.csv,136
termo_administrativo,INDICADO NO ANEXO QUE INTEGRA ESTA RESOLUÇÃO,INDICADO NO ANEXO QUE INTEGRA ESTA RESOLUÇÃO,nao,INDICADO:MISC|INTEGRA:ORG|RESOLUÇÃO:MISC|Anexo:LOC,SP,2026-09-16,exoneracao,do cargo em comissão CCESP,,,Secretario,5,Secretaria/Subsecretaria,Tarcisio de Freitas - Governador,Tarcisio de Freitas,Executivo estadual,Tarcisio de Freitas (Executivo estadual),http://do-api-publication-pdf.doe.sp.gov.br/v1/editions/53fa3a0f-38d9-4616-9335-490b71497af7,D:\github\exoneracoes_nomeacoes_dou\LAKE\SP\2026\09\DOESP_EXECUTIVO_ATOS_DE_PESSOAL_2026-09-16.md,D:\github\exoneracoes_nomeacoes_dou\saida\SP\DOESP_2026.csv,137
termo_administrativo,INDICADA NO ANEXO QUE INTEGRA ESTA RESOLUÇÃO,INDICADA NO ANEXO QUE INTEGRA ESTA RESOLUÇÃO,nao,INDICADA:MISC|INTEGRA:ORG|RESOLUÇÃO:MISC|Anexo:LOC,SP,2026-09-16,exoneracao,do cargo em comissão CCESP,,,Secretario,5,Secretaria/Subsecretaria,Tarcisio de Freitas - Governador,Tarcisio de Freitas,Executivo estadual,Tarcisio de Freitas (Executivo estadual),http://do-api-publication-pdf.doe.sp.gov.br/v1/editions/53fa3a0f-38d9-4616-9335-490b71497af7,D:\github\exoneracoes_nomeacoes_dou\LAKE\SP\2026\09\DOESP_EXECUTIVO_ATOS_DE_PESSOAL_2026-09-16.md,D:\github\exoneracoes_nomeacoes_dou\saida\SP\DOESP_2026.csv,138
termo_administrativo,INDICADA NO ANEXO QUE INTEGRA ESTA RESOLUÇÃO,INDICADA NO ANEXO QUE INTEGRA ESTA RESOLUÇÃO,nao,INDICADA:MISC|INTEGRA:ORG|RESOLUÇÃO:MISC|Anexo:LOC,SP,2026-09-16,exoneracao,do cargo em comissão CCESP,,,Secretario,5,Secretaria/Subsecretaria,Tarcisio de Freitas - Governador,Tarcisio de Freitas,Executivo estadual,Tarcisio de Freitas (Executivo estadual),http://do-api-publication-pdf.doe.sp.gov.br/v1/editions/53fa3a0f-38d9-4616-9335-490b71497af7,D:\github\exoneracoes_nomeacoes_dou\LAKE\SP\2026\09\DOESP_EXECUTIVO_ATOS_DE_PESSOAL_2026-09-16.md,D:\github\exoneracoes_nomeacoes_dou\saida\SP\DOESP_2026.csv,139
termo_administrativo,INDICADA NO ANEXO QUE INTEGRA ESTA RESOLUÇÃO,INDICADA NO ANEXO QUE INTEGRA ESTA RESOLUÇÃO,nao,INDICADA:MISC|INTEGRA:ORG|RESOLUÇÃO:MISC|Anexo:LOC,SP,2026-09-16,nomeacao,,,,Secretario,5,Secretaria/Subsecretaria,Tarcisio de Freitas - Governador,Tarcisio de Freitas,Executivo estadual,Tarcisio de Freitas (Executivo estadual),http://do-api-publication-pdf.doe.sp.gov.br/v1/editions/53fa3a0f-38d9-4616-9335-490b71497af7,D:\github\exoneracoes_nomeacoes_dou\LAKE\SP\2026\09\DOESP_EXECUTIVO_ATOS_DE_PESSOAL_2026-09-16.md,D:\github\exoneracoes_nomeacoes_dou\saida\SP\DOESP_2026.csv,140
termo_administrativo,INDICADO NO ANEXO QUE INTEGRA ESTA RESOLUÇÃO,INDICADO NO ANEXO QUE INTEGRA ESTA RESOLUÇÃO,nao,INDICADO:MISC|INTEGRA:ORG|RESOLUÇÃO:MISC|Anexo:LOC,SP,2026-09-16,nomeacao,,,,Secretario,5,Secretaria/Subsecretaria,Tarcisio de Freitas - Governador,Tarcisio de Freitas,Executivo estadual,Tarcisio de Freitas (Executivo estadual),http://do-api-publication-pdf.doe.sp.gov.br/v1/editions/53fa3a0f-38d9-4616-9335-490b71497af7,D:\github\exoneracoes_nomeacoes_dou\LAKE\SP\2026\09\DOESP_EXECUTIVO_ATOS_DE_PESSOAL_2026-09-16.md,D:\github\exoneracoes_nomeacoes_dou\saida\SP\DOESP_2026.csv,141
inicio_suspeito;termo_administrativo,SERVIDOR WILTON CHAGAS,SERVIDOR WILTON CHAGAS,sim,SERVIDOR WILTON CHAGAS:MISC|Servidor Wilton Chagas:PER,SP,2026-09-16,exoneracao,,,,Secretario,5,Secretaria/Subsecretaria,Tarcisio de Freitas - Governador,Tarcisio de Freitas,Executivo estadual,Tarcisio de Freitas (Executivo estadual),http://do-api-publication-pdf.doe.sp.gov.br/v1/editions/53fa3a0f-38d9-4616-9335-490b71497af7,D:\github\exoneracoes_nomeacoes_dou\LAKE\SP\2026\09\DOESP_EXECUTIVO_ATOS_DE_PESSOAL_2026-09-16.md,D:\github\exoneracoes_nomeacoes_dou\saida\SP\DOESP_2026.csv,142
inicio_suspeito;termo_administrativo,SERVIDOR RENATO DA SILVA SOUZA,SERVIDOR RENATO DA SILVA SOUZA,sim,SERVIDOR RENATO DA SILVA SOUZA:MISC|Servidor Renato Da Silva Souza:PER,SP,2026-09-16,exoneracao,do cargo de Policial Penal de Nível I -A,,,Secretario,5,Secretaria/Subsecretaria,Tarcisio de Freitas - Governador,Tarcisio de Freitas,Executivo estadual,Tarcisio de Freitas (Executivo estadual),http://do-api-publication-pdf.doe.sp.gov.br/v1/editions/53fa3a0f-38d9-4616-9335-490b71497af7,D:\github\exoneracoes_nomeacoes_dou\LAKE\SP\2026\09\DOESP_EXECUTIVO_ATOS_DE_PESSOAL_2026-09-16.md,D:\github\exoneracoes_nomeacoes_dou\saida\SP\DOESP_2026.csv,143
tem_numero,COMBINADO COM O INCISO II DO ARTIGO 13 DO,COMBINADO COM O INCISO II DO ARTIGO 13 DO,nao,COMBINADO:MISC|O INCISO II DO ARTIGO:MISC|O Inciso:MISC,SP,2026-09-16,exoneracao,,,,Secretario,5,Secretaria/Subsecretaria,Tarcisio de Freitas - Governador,Tarcisio de Freitas,Executivo estadual,Tarcisio de Freitas (Executivo estadual),http://do-api-publication-pdf.doe.sp.gov.br/v1/editions/53fa3a0f-38d9-4616-9335-490b71497af7,D:\github\exoneracoes_nomeacoes_dou\LAKE\SP\2026\09\DOESP_EXECUTIVO_ATOS_DE_PESSOAL_2026-09-16.md,D:\github\exoneracoes_nomeacoes_dou\saida\SP\DOESP_2026.csv,150
