nome_normalizado,nome_exemplo,total_atos,total_nomeacoes,total_exoneracoes,total_retornos_apos_exoneracao,primeira_data,ultima_data,cargos_distintos,orgaos_distintos,teve_nomeacao_e_exoneracao,teve_retorno_apos_exoneracao
ADRIANA BRAGANTE,ADRIANA BRAGANTE,1,0,1,0,2026-09-14,2026-09-14,1,1,nao,nao
ADRIANA DE FREITAS CABECIONE,ADRIANA DE FREITAS CABECIONE,1,0,1,0,2026-09-09,2026-09-09,1,0,nao,nao
ADRIANO GUIGUER DE OLIVEIRA,ADRIANO GUIGUER DE OLIVEIRA,1,1,0,0,2026-09-02,2026-09-02,1,1,nao,nao
ANA PAULA CAVALCANTE KINGERY,ANA PAULA CAVALCANTE KINGERY,1,0,1,0,2026-09-01,2026-09-01,1,1,nao,nao
ANDERSON CUSTODIO DOS REIS,ANDERSON CUSTODIO DOS REIS,1,1,0,0,2026-09-09,2026-09-09,0,0,nao,nao
ANDRESSA RAMALHO DE SOUZA,ANDRESSA RAMALHO DE SOUZA,1,0,1,0,2026-09-11,2026-09-11,0,1,nao,nao
ARTHUR LANCELOTE PASSONI BENITE,ARTHUR LANCELOTE PASSONI BENITE,1,0,1,0,2026-09-14,2026-09-14,1,1,nao,nao
AUXILIAR DE PAPILOSCOPISTA POLICIAL,AUXILIAR DE PAPILOSCOPISTA POLICIAL,1,0,1,0,2026-09-01,2026-09-01,0,0,nao,nao
BRUNA OLIVEIRA SANTOS,BRUNA OLIVEIRA SANTOS,1,1,0,0,2026-09-02,2026-09-02,1,1,nao,nao
CAIQUE DE VERAS SOARES BARBOSA,CAIQUE DE VERAS SOARES BARBOSA,1,1,0,0,2026-09-09,2026-09-09,0,0,nao,nao
CAROLINE CAMACHO NOVAK DE LIMA,CAROLINE CAMACHO NOVAK DE LIMA,1,0,1,0,2026-09-11,2026-09-11,1,1,nao,nao
CHRISTHIAN FELLYPE DE CAMPOS MOREIRA,CHRISTHIAN FELLYPE DE CAMPOS MOREIRA,1,1,0,0,2026-09-09,2026-09-09,0,0,nao,nao
CLAUDIA MARIA ANCONI MONTEIRO,CLAUDIA MARIA ANCONI MONTEIRO,1,1,0,0,2026-09-14,2026-09-14,1,1,nao,nao
CORRENDO OS DEMAIS PRAZOS INDEPENDENTEMENTE DE QUALQUER INTIMACAO. ENTRETANTO,CORRENDO OS DEMAIS PRAZOS INDEPENDENTEMENTE DE QUALQUER INTIMAÇÃO. ENTRETANTO,1,1,0,0,2026-08-26,2026-08-26,0,0,nao,nao
DANIEL DA SILVA ALVES,DANIEL DA SILVA ALVES,1,1,0,0,2026-09-09,2026-09-09,0,0,nao,nao
DARIO NOGUEIRA GOMES,DARIO NOGUEIRA GOMES,1,0,1,0,2026-09-08,2026-09-08,1,1,nao,nao
DAS FILEIRAS DA POLICIA MILITAR,DAS FILEIRAS DA POLÍCIA MILITAR,3,0,3,0,2026-08-27,2026-09-10,0,1,nao,nao
FERNANDO MATOS FONSECA,FERNANDO MATOS FONSECA,1,1,0,0,2026-09-09,2026-09-09,0,0,nao,nao
FRANCIELE MODESTO COUTO,FRANCIELE MODESTO COUTO,1,1,0,0,2026-09-09,2026-09-09,0,0,nao,nao
FUNCIONARIA KARINA KELLY BORGES,FUNCIONÁRIA KARINA KELLY BORGES,1,0,1,0,2026-09-08,2026-09-08,1,0,nao,nao
GABRIEL SOARES GUERREIRO,GABRIEL SOARES GUERREIRO,1,1,0,0,2026-09-09,2026-09-09,0,0,nao,nao
GABRIELA CRISTINA DOS REIS,GABRIELA CRISTINA DOS REIS,1,0,1,0,2026-09-01,2026-09-01,1,1,nao,nao
GABRIELLA CANTANHEDE RIBEIRO,GABRIELLA CANTANHEDE RIBEIRO,1,1,0,0,2026-09-02,2026-09-02,1,1,nao,nao
GEOVANA MORAES LOPES,GEOVANA MORAES LOPES,1,1,0,0,2026-09-02,2026-09-02,1,1,nao,nao
GIULIA FORLIN CAVALCANTI,GIULIA FORLIN CAVALCANTI,1,0,1,0,2026-09-01,2026-09-01,1,1,nao,nao
HABILITADA EM CONCURSO PUBLICO,HABILITADA EM CONCURSO PÚBLICO,1,1,0,0,2026-09-10,2026-09-10,0,1,nao,nao
HABILITADAS EM CONCURSO PUBLICO,HABILITADAS EM CONCURSO PÚBLICO,2,2,0,0,2026-09-15,2026-09-16,0,2,nao,nao
HABILITADOS EM CONCURSO PUBLICO,HABILITADOS EM CONCURSO PÚBLICO,1,1,0,0,2026-09-10,2026-09-10,0,1,nao,nao
HIURI SANTOS ALVES DE SOUZA,HIURI SANTOS ALVES DE SOUZA,1,1,0,0,2026-09-09,2026-09-09,0,0,nao,nao
INSCRITO NO,INSCRITO NO,1,0,1,0,2026-09-16,2026-09-16,1,0,nao,nao
JEAN CARLOS MODESTO,JEAN CARLOS MODESTO,1,1,0,0,2026-09-09,2026-09-09,0,0,nao,nao
JOAO PAULO MONTEIRO DA ROCHA,JOAO PAULO MONTEIRO DA ROCHA,1,1,0,0,2026-09-09,2026-09-09,0,0,nao,nao
JOICE CRISLAYNE GONCALVES DA SILVA,JOICE CRISLAYNE GONÇALVES DA SILVA,1,0,1,0,2026-09-03,2026-09-03,0,0,nao,nao
JONATHAN DE SOUZA DA SILVA,JONATHAN DE SOUZA DA SILVA,1,1,0,0,2026-09-09,2026-09-09,0,0,nao,nao
JOSE AIRTON DA SILVA FILHO,JOSÉ AIRTON DA SILVA FILHO,1,1,0,0,2026-09-09,2026-09-09,0,0,nao,nao
JOSE FERNANDO DE MORAES NOVAES,JOSE FERNANDO DE MORAES NOVAES,1,1,0,0,2026-09-09,2026-09-09,0,0,nao,nao
JUCINEIA RODRIGUES DE OLIVEIRA,JUCINEIA RODRIGUES DE OLIVEIRA,1,0,1,0,2026-09-09,2026-09-09,1,1,nao,nao
JULIA BATISTA DOS SANTOS,JULIA BATISTA DOS SANTOS,1,1,0,0,2026-09-09,2026-09-09,1,1,nao,nao
LARISSA COELHO MARANGONI,LARISSA COELHO MARANGONI,1,1,0,0,2026-09-01,2026-09-01,1,1,nao,nao
LIDIANE TEIXEIRA DE SOUZA,LIDIANE TEIXEIRA DE SOUZA,1,0,1,0,2026-08-31,2026-08-31,1,0,nao,nao
LILIANA ELISABETE OLIVAN,LILIANA ELISABETE OLIVAN,1,0,1,0,2026-09-10,2026-09-10,0,0,nao,nao
LUCAS MIGUEL GUERRA,LUCAS MIGUEL GUERRA,1,1,0,0,2026-09-09,2026-09-09,0,0,nao,nao
MARIA GISELE COSTA ALVES,MARIA GISELE COSTA ALVES,1,1,0,0,2026-09-09,2026-09-09,0,0,nao,nao
MARIA JOSE DE OLIVEIRA GOMES,MARIA JOSE DE OLIVEIRA GOMES,1,0,1,0,2026-09-14,2026-09-14,0,0,nao,nao
MURILO FERREIRA DA SILVA,MURILO FERREIRA DA SILVA,1,1,0,0,2026-09-09,2026-09-09,0,0,nao,nao
MURILO FONTANINI CARNEIRO,MURILO FONTANINI CARNEIRO,1,1,0,0,2026-09-01,2026-09-01,1,0,nao,nao
NATHALIA DIAS ALMEIDA,NATHALIA DIAS ALMEIDA,1,1,0,0,2026-09-09,2026-09-09,0,0,nao,nao
NOS TERMOS,NOS TERMOS,80,34,46,34,2026-08-25,2026-09-16,14,20,sim,sim
PEDRO HENRIQUE BERGANTIN,PEDRO HENRIQUE BERGANTIN,1,0,1,0,2026-09-01,2026-09-01,1,1,nao,nao
PEDRO HENRIQUE VIEIRA PESSOA,PEDRO HENRIQUE VIEIRA PESSOA,1,0,1,0,2026-09-11,2026-09-11,1,1,nao,nao
PORTADORA DO,PORTADORA DO,1,0,1,0,2026-08-25,2026-08-25,1,0,nao,nao
PUBLICADO NA,PUBLICADO NA,3,0,3,0,2026-09-01,2026-09-11,2,1,nao,nao
RAFAEL SANTANA,RAFAEL SANTANA,1,1,0,0,2026-09-09,2026-09-09,0,0,nao,nao
RAFAELLA OLIVEIRA BRITO,RAFAELLA OLIVEIRA BRITO,1,0,1,0,2026-09-09,2026-09-09,1,1,nao,nao
RAUL SOUZA,RAUL SOUZA,1,1,0,0,2026-09-09,2026-09-09,0,0,nao,nao
REGES EMANUEL SANTANA,REGES EMANUEL SANTANA,1,1,0,0,2026-09-01,2026-09-01,1,0,nao,nao
RENAN DE OLIVEIRA MARTINS,RENAN DE OLIVEIRA MARTINS,1,0,1,0,2026-09-09,2026-09-09,0,0,nao,nao
RICARDO MAZETTO,RICARDO MAZETTO,1,0,1,0,2026-09-08,2026-09-08,1,1,nao,nao
RICARDO TADEU GALONE LIMA,RICARDO TADEU GALONE LIMA,1,1,0,0,2026-09-11,2026-09-11,1,1,nao,nao
ROBERTO RIGOLIN SALES,ROBERTO RIGOLIN SALES,1,0,1,0,2026-09-16,2026-09-16,0,1,nao,nao
RODRIGO ARAUJO MARINHO,RODRIGO ARAÚJO MARINHO,1,1,0,0,2026-09-09,2026-09-09,0,0,nao,nao
RODRIGO VICENTE RODRIGUES,RODRIGO VICENTE RODRIGUES,1,0,1,0,2026-08-25,2026-08-25,0,0,nao,nao
SERGIO LUIZ DA CUNHA,SERGIO LUIZ DA CUNHA,1,0,1,0,2026-09-16,2026-09-16,0,0,nao,nao
SIMONE GILES FARIAS,SIMONE GILES FARIAS,1,0,1,0,2026-09-01,2026-09-01,1,1,nao,nao
SR. DANIEL HUBSCHER AVILLA,SR. DANIEL HUBSCHER AVILLA,1,0,1,0,2026-09-04,2026-09-04,0,1,nao,nao
SR. JORGE HIROKI,SR. JORGE HIROKI,1,0,1,0,2026-08-28,2026-08-28,1,1,nao,nao
SR. ROBERTO LOSINFELDT JUNIOR,SR. ROBERTO LOSINFELDT JUNIOR,1,0,1,0,2026-09-10,2026-09-10,0,1,nao,nao
SR.A MARCELA DAMBROWSKI DOS SANTOS,SR.ª MARCELA DAMBROWSKI DOS SANTOS,1,0,1,0,2026-09-01,2026-09-01,1,1,nao,nao
STEPHANIE DE CARVALHO SENA,STEPHANIE DE CARVALHO SENA,1,1,0,0,2026-09-09,2026-09-09,0,0,nao,nao
STEPHANIE LETICIA DE SOUSA,STEPHANIE LETICIA DE SOUSA,1,0,1,0,2026-09-09,2026-09-09,1,1,nao,nao
TAMIRIS CARDEAL FAVARETTO,TAMIRIS CARDEAL FAVARETTO,1,1,0,0,2026-09-01,2026-09-01,1,1,nao,nao
TATIANE DIAS SERRALHEIRO,TATIANE DIAS SERRALHEIRO,1,0,1,0,2026-09-14,2026-09-14,0,0,nao,nao
THAINA DE SOUZA ALVES,THAINA DE SOUZA ALVES,1,0,1,0,2026-09-14,2026-09-14,1,1,nao,nao
THIAGO SIMOES GALDINO,THIAGO SIMÕES GALDINO,1,1,0,0,2026-09-09,2026-09-09,0,0,nao,nao
VICTORIA QUEIROZ SILVA,VICTORIA QUEIROZ SILVA,1,0,1,0,2026-08-25,2026-08-25,1,1,nao,nao
VINICIUS NASCIMENTO VIEIRA,VINICIUS NASCIMENTO VIEIRA,1,1,0,0,2026-09-02,2026-09-02,1,1,nao,nao
WILLIAN MATHEUS NUNES,WILLIAN MATHEUS NUNES,1,1,0,0,2026-09-09,2026-09-09,0,0,nao,nao
