nome_normalizado,ordem_pessoa,estado,diario,data_publicacao,ano,tipo_ato,nome,nome_original_csv,spacy_pessoa,spacy_entidades,cargo,orgao,assinante,cargo_assinante,categoria_assinante,autoria_ato,governador_edicao,representante_governo,origem_representante,representante_origem,caderno,fonte_url,arquivo_markdown,arquivo_csv,linha_csv,ato_anterior,data_anterior,cargo_anterior,orgao_anterior,dias_desde_anterior,retorno_apos_exoneracao,data_exoneracao_anterior,cargo_exoneracao_anterior,orgao_exoneracao_anterior,dias_desde_exoneracao,mudou_cargo_desde_exoneracao,mudou_orgao_desde_exoneracao,marco_governo,data_marco_governo,dias_desde_marco_governo
NOS TERMOS,3,SP,Diario Oficial do Estado de Sao Paulo,2026-09-08,2026,nomeacao,NOS TERMOS,NOS TERMOS,nao,TERMOS:MISC,,,,Secretario,5,Secretaria/Subsecretaria,Tarcisio de Freitas - Governador,Tarcisio de Freitas,Executivo estadual,Tarcisio de Freitas (Executivo estadual),Executivo - Atos de Pessoal,http://do-api-publication-pdf.doe.sp.gov.br/v1/editions/17dd7d64-d782-407e-8155-d2b6a5d27f7f,D:\github\exoneracoes_nomeacoes_dou\LAKE\SP\2026\09\DOESP_EXECUTIVO_ATOS_DE_PESSOAL_2026-09-08.md,D:\github\exoneracoes_nomeacoes_dou\saida\SP\DOESP_2026.csv,112,exoneracao,2026-09-08,do cargo do SQC-I da Referência da Escala de Vencimentos-Comissão a que se refere a Lei Complementar nº 1,da Secretaria dos Transportes Metropolitanos,0,sim,2026-09-08,do cargo do SQC-I da Referência da Escala de Vencimentos-Comissão a que se refere a Lei Complementar nº 1,da Secretaria dos Transportes Metropolitanos,0,nao,nao,,,
NOS TERMOS,4,SP,Diario Oficial do Estado de Sao Paulo,2026-09-08,2026,nomeacao,NOS TERMOS,NOS TERMOS,nao,TERMOS:MISC,,da Secretaria da Justiça e Cidadania,ARTHUR LUIS PINHO DE LIMA,Secretario,5,Secretaria/Subsecretaria,Tarcisio de Freitas - Governador,Tarcisio de Freitas,Executivo estadual,Tarcisio de Freitas (Executivo estadual),Executivo - Atos de Pessoal,http://do-api-publication-pdf.doe.sp.gov.br/v1/editions/17dd7d64-d782-407e-8155-d2b6a5d27f7f,D:\github\exoneracoes_nomeacoes_dou\LAKE\SP\2026\09\DOESP_EXECUTIVO_ATOS_DE_PESSOAL_2026-09-08.md,D:\github\exoneracoes_nomeacoes_dou\saida\SP\DOESP_2026.csv,123,nomeacao,2026-09-08,,,0,sim,2026-09-08,do cargo do SQC-I da Referência da Escala de Vencimentos-Comissão a que se refere a Lei Complementar nº 1,da Secretaria dos Transportes Metropolitanos,0,nao,sim,,,
NOS TERMOS,7,SP,Diario Oficial do Estado de Sao Paulo,2026-09-09,2026,nomeacao,NOS TERMOS,NOS TERMOS,nao,TERMOS:MISC,,,,Secretario,5,Secretaria/Subsecretaria,Tarcisio de Freitas - Governador,Tarcisio de Freitas,Executivo estadual,Tarcisio de Freitas (Executivo estadual),Executivo - Atos de Pessoal,http://do-api-publication-pdf.doe.sp.gov.br/v1/editions/67dfc674-d56b-48d9-8e38-03f5857578a1,D:\github\exoneracoes_nomeacoes_dou\LAKE\SP\2026\09\DOESP_EXECUTIVO_ATOS_DE_PESSOAL_2026-09-09.md,D:\github\exoneracoes_nomeacoes_dou\saida\SP\DOESP_2026.csv,73,exoneracao,2026-09-09,,da Secretaria da Educação,0,sim,2026-09-09,,da Secretaria da Educação,0,nao,nao,,,
NOS TERMOS,12,SP,Diario Oficial do Estado de Sao Paulo,2026-09-10,2026,nomeacao,NOS TERMOS,NOS TERMOS,nao,TERMOS:MISC,,,,Secretario,5,Secretaria/Subsecretaria,Tarcisio de Freitas - Governador,Tarcisio de Freitas,Executivo estadual,Tarcisio de Freitas (Executivo estadual),Executivo - Atos de Pessoal,http://do-api-publication-pdf.doe.sp.gov.br/v1/editions/d4d21a93-31fd-4b51-b621-bbc57240e1c9,D:\github\exoneracoes_nomeacoes_dou\LAKE\SP\2026\09\DOESP_EXECUTIVO_ATOS_DE_PESSOAL_2026-09-10.md,D:\github\exoneracoes_nomeacoes_dou\saida\SP\DOESP_2026.csv,51,exoneracao,2026-09-10,,,0,sim,2026-09-10,,,0,nao,nao,,,
NOS TERMOS,13,SP,Diario Oficial do Estado de Sao Paulo,2026-09-10,2026,nomeacao,NOS TERMOS,NOS TERMOS,nao,TERMOS:MISC,,da Secretaria da Saúde: Assessor I,,Secretario,5,Secretaria/Subsecretaria,Tarcisio de Freitas - Governador,Tarcisio de Freitas,Executivo estadual,Tarcisio de Freitas (Executivo estadual),Executivo - Atos de Pessoal,http://do-api-publication-pdf.doe.sp.gov.br/v1/editions/d4d21a93-31fd-4b51-b621-bbc57240e1c9,D:\github\exoneracoes_nomeacoes_dou\LAKE\SP\2026\09\DOESP_EXECUTIVO_ATOS_DE_PESSOAL_2026-09-10.md,D:\github\exoneracoes_nomeacoes_dou\saida\SP\DOESP_2026.csv,54,nomeacao,2026-09-10,,,0,sim,2026-09-10,,,0,nao,nao,,,
NOS TERMOS,14,SP,Diario Oficial do Estado de Sao Paulo,2026-09-10,2026,nomeacao,NOS TERMOS,NOS TERMOS,nao,TERMOS:MISC,,da Secretaria da Saúde: Assessor Técnico em Saúde Pública I,,Secretario,5,Secretaria/Subsecretaria,Tarcisio de Freitas - Governador,Tarcisio de Freitas,Executivo estadual,Tarcisio de Freitas (Executivo estadual),Executivo - Atos de Pessoal,http://do-api-publication-pdf.doe.sp.gov.br/v1/editions/d4d21a93-31fd-4b51-b621-bbc57240e1c9,D:\github\exoneracoes_nomeacoes_dou\LAKE\SP\2026\09\DOESP_EXECUTIVO_ATOS_DE_PESSOAL_2026-09-10.md,D:\github\exoneracoes_nomeacoes_dou\saida\SP\DOESP_2026.csv,55,nomeacao,2026-09-10,,da Secretaria da Saúde: Assessor I,0,sim,2026-09-10,,,0,nao,nao,,,
NOS TERMOS,15,SP,Diario Oficial do Estado de Sao Paulo,2026-09-10,2026,nomeacao,NOS TERMOS,NOS TERMOS,nao,TERMOS:MISC,,da Secretaria da Saúde: Diretor Técnico de Saúde II,,Secretario,5,Secretaria/Subsecretaria,Tarcisio de Freitas - Governador,Tarcisio de Freitas,Executivo estadual,Tarcisio de Freitas (Executivo estadual),Executivo - Atos de Pessoal,http://do-api-publication-pdf.doe.sp.gov.br/v1/editions/d4d21a93-31fd-4b51-b621-bbc57240e1c9,D:\github\exoneracoes_nomeacoes_dou\LAKE\SP\2026\09\DOESP_EXECUTIVO_ATOS_DE_PESSOAL_2026-09-10.md,D:\github\exoneracoes_nomeacoes_dou\saida\SP\DOESP_2026.csv,56,nomeacao,2026-09-10,,da Secretaria da Saúde: Assessor Técnico em Saúde Pública I,0,sim,2026-09-10,,,0,nao,nao,,,
NOS TERMOS,16,SP,Diario Oficial do Estado de Sao Paulo,2026-09-10,2026,nomeacao,NOS TERMOS,NOS TERMOS,nao,TERMOS:MISC,para exercer o cargo em comissão e jornada completa de trabalho,,,Secretario,5,Secretaria/Subsecretaria,Tarcisio de Freitas - Governador,Tarcisio de Freitas,Executivo estadual,Tarcisio de Freitas (Executivo estadual),Executivo - Atos de Pessoal,http://do-api-publication-pdf.doe.sp.gov.br/v1/editions/d4d21a93-31fd-4b51-b621-bbc57240e1c9,D:\github\exoneracoes_nomeacoes_dou\LAKE\SP\2026\09\DOESP_EXECUTIVO_ATOS_DE_PESSOAL_2026-09-10.md,D:\github\exoneracoes_nomeacoes_dou\saida\SP\DOESP_2026.csv,58,nomeacao,2026-09-10,,da Secretaria da Saúde: Diretor Técnico de Saúde II,0,sim,2026-09-10,,,0,nao,nao,,,
NOS TERMOS,21,SP,Diario Oficial do Estado de Sao Paulo,2026-09-11,2026,nomeacao,NOS TERMOS,NOS TERMOS,nao,TERMOS:MISC,,,,Secretario,5,Secretaria/Subsecretaria,Tarcisio de Freitas - Governador,Tarcisio de Freitas,Executivo estadual,Tarcisio de Freitas (Executivo estadual),Executivo - Atos de Pessoal,http://do-api-publication-pdf.doe.sp.gov.br/v1/editions/0ec6c47d-8a32-455b-a34e-be00f42c4d65,D:\github\exoneracoes_nomeacoes_dou\LAKE\SP\2026\09\DOESP_EXECUTIVO_ATOS_DE_PESSOAL_2026-09-11.md,D:\github\exoneracoes_nomeacoes_dou\saida\SP\DOESP_2026.csv,34,exoneracao,2026-09-11,do cargo em comissão CCESP,,0,sim,2026-09-11,do cargo em comissão CCESP,,0,nao,nao,,,
NOS TERMOS,22,SP,Diario Oficial do Estado de Sao Paulo,2026-09-11,2026,nomeacao,NOS TERMOS,NOS TERMOS,nao,TERMOS:MISC,,da Secretaria da Saúde: Diretor Técnico I,,Secretario,5,Secretaria/Subsecretaria,Tarcisio de Freitas - Governador,Tarcisio de Freitas,Executivo estadual,Tarcisio de Freitas (Executivo estadual),Executivo - Atos de Pessoal,http://do-api-publication-pdf.doe.sp.gov.br/v1/editions/0ec6c47d-8a32-455b-a34e-be00f42c4d65,D:\github\exoneracoes_nomeacoes_dou\LAKE\SP\2026\09\DOESP_EXECUTIVO_ATOS_DE_PESSOAL_2026-09-11.md,D:\github\exoneracoes_nomeacoes_dou\saida\SP\DOESP_2026.csv,36,nomeacao,2026-09-11,,,0,sim,2026-09-11,do cargo em comissão CCESP,,0,nao,nao,,,
NOS TERMOS,25,SP,Diario Oficial do Estado de Sao Paulo,2026-09-14,2026,nomeacao,NOS TERMOS,NOS TERMOS,nao,TERMOS:MISC,,da Secretaria da Saúde: Diretor Técnico de Saúde I,,Secretario,5,Secretaria/Subsecretaria,Tarcisio de Freitas - Governador,Tarcisio de Freitas,Executivo estadual,Tarcisio de Freitas (Executivo estadual),Executivo - Atos de Pessoal,http://do-api-publication-pdf.doe.sp.gov.br/v1/editions/05bcc3b6-80e4-47f4-b7a6-33e31343bef5,D:\github\exoneracoes_nomeacoes_dou\LAKE\SP\2026\09\DOESP_EXECUTIVO_ATOS_DE_PESSOAL_2026-09-14.md,D:\github\exoneracoes_nomeacoes_dou\saida\SP\DOESP_2026.csv,13,exoneracao,2026-09-14,do cargo CCESP a que se refere a Lei Complementar nº 1395,da Secretaria de Políticas para a Mulher,0,sim,2026-09-14,do cargo CCESP a que se refere a Lei Complementar nº 1395,da Secretaria de Políticas para a Mulher,0,nao,sim,,,
NOS TERMOS,26,SP,Diario Oficial do Estado de Sao Paulo,2026-09-14,2026,nomeacao,NOS TERMOS,NOS TERMOS,nao,TERMOS:MISC,para exercer o cargo em comissão de que trata o Anexo II do,,,Secretario,5,Secretaria/Subsecretaria,Tarcisio de Freitas - Governador,Tarcisio de Freitas,Executivo estadual,Tarcisio de Freitas (Executivo estadual),Executivo - Atos de Pessoal,http://do-api-publication-pdf.doe.sp.gov.br/v1/editions/05bcc3b6-80e4-47f4-b7a6-33e31343bef5,D:\github\exoneracoes_nomeacoes_dou\LAKE\SP\2026\09\DOESP_EXECUTIVO_ATOS_DE_PESSOAL_2026-09-14.md,D:\github\exoneracoes_nomeacoes_dou\saida\SP\DOESP_2026.csv,32,nomeacao,2026-09-14,,da Secretaria da Saúde: Diretor Técnico de Saúde I,0,sim,2026-09-14,do cargo CCESP a que se refere a Lei Complementar nº 1395,da Secretaria de Políticas para a Mulher,0,sim,nao,,,
NOS TERMOS,29,SP,Diario Oficial do Estado de Sao Paulo,2026-09-15,2026,nomeacao,NOS TERMOS,NOS TERMOS,nao,TERMOS:MISC,,,,Secretario,5,Secretaria/Subsecretaria,Tarcisio de Freitas - Governador,Tarcisio de Freitas,Executivo estadual,Tarcisio de Freitas (Executivo estadual),Executivo - Atos de Pessoal,http://do-api-publication-pdf.doe.sp.gov.br/v1/editions/d9e07ddb-b742-451c-b5bc-9f54b378ef7b,D:\github\exoneracoes_nomeacoes_dou\LAKE\SP\2026\09\DOESP_EXECUTIVO_ATOS_DE_PESSOAL_2026-09-15.md,D:\github\exoneracoes_nomeacoes_dou\saida\SP\DOESP_2026.csv,4,exoneracao,2026-09-15,do cargo do Quadro Geral de Cargos em Comissão e Funções de Confiança-QGCFC,,0,sim,2026-09-15,do cargo do Quadro Geral de Cargos em Comissão e Funções de Confiança-QGCFC,,0,nao,nao,,,
NOS TERMOS,30,SP,Diario Oficial do Estado de Sao Paulo,2026-09-15,2026,nomeacao,NOS TERMOS,NOS TERMOS,nao,TERMOS:MISC,para exercer o cargo em comissão e jornada completa de trabalho,,,Secretario,5,Secretaria/Subsecretaria,Tarcisio de Freitas - Governador,Tarcisio de Freitas,Executivo estadual,Tarcisio de Freitas (Executivo estadual),Executivo - Atos de Pessoal,http://do-api-publication-pdf.doe.sp.gov.br/v1/editions/d9e07ddb-b742-451c-b5bc-9f54b378ef7b,D:\github\exoneracoes_nomeacoes_dou\LAKE\SP\2026\09\DOESP_EXECUTIVO_ATOS_DE_PESSOAL_2026-09-15.md,D:\github\exoneracoes_nomeacoes_dou\saida\SP\DOESP_2026.csv,8,nomeacao,2026-09-15,,,0,sim,2026-09-15,do cargo do Quadro Geral de Cargos em Comissão e Funções de Confiança-QGCFC,,0,sim,nao,,,
NOS TERMOS,34,SP,Diario Oficial do Estado de Sao Paulo,2026-09-16,2026,nomeacao,NOS TERMOS,NOS TERMOS,nao,TERMOS:MISC,,,,Secretario,5,Secretaria/Subsecretaria,Tarcisio de Freitas - Governador,Tarcisio de Freitas,Executivo estadual,Tarcisio de Freitas (Executivo estadual),Executivo - Atos de Pessoal,http://do-api-publication-pdf.doe.sp.gov.br/v1/editions/53fa3a0f-38d9-4616-9335-490b71497af7,D:\github\exoneracoes_nomeacoes_dou\LAKE\SP\2026\09\DOESP_EXECUTIVO_ATOS_DE_PESSOAL_2026-09-16.md,D:\github\exoneracoes_nomeacoes_dou\saida\SP\DOESP_2026.csv,134,exoneracao,2026-09-16,do cargo em comissão CCESP,da Secretaria de Desenvolvimento Urbano e Habitação,0,sim,2026-09-16,do cargo em comissão CCESP,da Secretaria de Desenvolvimento Urbano e Habitação,0,nao,nao,,,
