estado,diario,data_publicacao,caderno,tipo_ato,nome,id_funcional,assinante,cargo_assinante,categoria_assinante,governador_edicao,representante_governo,origem_representante,spacy_pessoa,spacy_entidades,nome_parse_confiavel,cargo,orgao,trecho,fonte_url,arquivo_markdown
RJ,Diario Oficial do Estado do Rio de Janeiro,2010-12-30,Parte I (Poder Executivo),nomeacao,SAULO DE OLIVEIRA MA,,,Secretario,5,Wilson Jose Witzel - Governador,Wilson Jose Witzel,Executivo estadual,sim,OLIVEIRA MA:ORG|Saulo De Oliveira Ma:PER,sim,,,"NOMEAR SAULO DE OLIVEIRA MA para exercer, com validade a contar de 20 de dezembro de 2010, o cargo em comissão de Ajudante I, símbolo DAI-1, da",https://www.ioerj.com.br/portal/modules/conteudoonline/mostra_edicao.php?session=VG1wYVJGSkVZelJPUlZsMFRtdGFSVTFUTURCU1ZFSkRURlZGZDFGclJYUlNhMGsxVWxWUmQxSnJUVFJOTUVsNVRWUmpNMDlVU1RCT1ZFMTVUbEU5UFE9PQ==,D:\github\exoneracoes_nomeacoes_dou\LAKE\RJ\2010\12\DOERJ_PARTE_I_PODER_EXECUTIVO_2010-12-30.md
RJ,Diario Oficial do Estado do Rio de Janeiro,2010-12-30,Parte I (Poder Executivo),nomeacao,TENENTE-CORONEL PM,,,Secretario,5,Wilson Jose Witzel - Governador,Wilson Jose Witzel,Executivo estadual,sim,Tenente-Coronel Pm:PER,sim,,,"NOMEAR CEZAR AUGUSTO TANNER DE LIMA ALVES , Tenente-Coronel PM, RG 39.117, para exercer, com validade a contar de 23 de novembro de 2010, o cargo em comissão de Chefe do EM Comandante Intermediário, símbolo DAS-8, do 3º Comando de Policiamento de Área - 3º CPA, da Polícia Militar do Estado do Rio de Janeiro, da",https://www.ioerj.com.br/portal/modules/conteudoonline/mostra_edicao.php?session=VG1wYVJGSkVZelJPUlZsMFRtdGFSVTFUTURCU1ZFSkRURlZGZDFGclJYUlNhMGsxVWxWUmQxSnJUVFJOTUVsNVRWUmpNMDlVU1RCT1ZFMTVUbEU5UFE9PQ==,D:\github\exoneracoes_nomeacoes_dou\LAKE\RJ\2010\12\DOERJ_PARTE_I_PODER_EXECUTIVO_2010-12-30.md
RJ,Diario Oficial do Estado do Rio de Janeiro,2010-12-30,Parte I (Poder Executivo),nomeacao,TENENTE-CORONEL PM,,,Secretario,5,Wilson Jose Witzel - Governador,Wilson Jose Witzel,Executivo estadual,sim,Tenente-Coronel Pm:PER,sim,,,"NOMEAR RONAL LANGRES FREITAS DE SANTANA , Te- nente-Coronel PM, RG 52.838, para exercer, com validade a contar de 23 de novembro de 2010, o cargo em comissão de Chefe do EM Comandante Intermediário, símbolo DAS-8, do Comando de Polícia Pacificadora - CPP, da Polícia Militar do Estado do Rio de Janeiro, da",https://www.ioerj.com.br/portal/modules/conteudoonline/mostra_edicao.php?session=VG1wYVJGSkVZelJPUlZsMFRtdGFSVTFUTURCU1ZFSkRURlZGZDFGclJYUlNhMGsxVWxWUmQxSnJUVFJOTUVsNVRWUmpNMDlVU1RCT1ZFMTVUbEU5UFE9PQ==,D:\github\exoneracoes_nomeacoes_dou\LAKE\RJ\2010\12\DOERJ_PARTE_I_PODER_EXECUTIVO_2010-12-30.md
RJ,Diario Oficial do Estado do Rio de Janeiro,2010-12-30,Parte I (Poder Executivo),nomeacao,TENENTE-CORONEL PM,,,Secretario,5,Wilson Jose Witzel - Governador,Wilson Jose Witzel,Executivo estadual,sim,Tenente-Coronel Pm:PER,sim,,,"NOMEAR SIDNEY CAMARGO DE MELO , Tenente-Coronel PM, RG 49.267, para exercer, com validade a contar de 23 de novembro de 2010, o cargo em comissão de Coordenador-Adjunto, símbolo DAS-8, da Coordenadoria de Análise Criminal, da Polícia Militar do Estado do Rio de Janeiro, da",https://www.ioerj.com.br/portal/modules/conteudoonline/mostra_edicao.php?session=VG1wYVJGSkVZelJPUlZsMFRtdGFSVTFUTURCU1ZFSkRURlZGZDFGclJYUlNhMGsxVWxWUmQxSnJUVFJOTUVsNVRWUmpNMDlVU1RCT1ZFMTVUbEU5UFE9PQ==,D:\github\exoneracoes_nomeacoes_dou\LAKE\RJ\2010\12\DOERJ_PARTE_I_PODER_EXECUTIVO_2010-12-30.md
RJ,Diario Oficial do Estado do Rio de Janeiro,2010-12-30,Parte I (Poder Executivo),nomeacao,TENENTE-CORONEL PM,,,Secretario,5,Wilson Jose Witzel - Governador,Wilson Jose Witzel,Executivo estadual,sim,Tenente-Coronel Pm:PER,sim,,,"NOMEAR CARLOS ALBERTO CARDOSO FRAGOSO , Tenente-Coronel PM, RG 49.239, para exercer, com validade a contar de 14 de outubro de 2010, o cargo em comissão de Chefe de Seção EMG, símbolo DAS-7, da 1ª Seção, do Estado Maior Geral, da Polícia Militar do Estado do Rio de Janeiro, da",https://www.ioerj.com.br/portal/modules/conteudoonline/mostra_edicao.php?session=VG1wYVJGSkVZelJPUlZsMFRtdGFSVTFUTURCU1ZFSkRURlZGZDFGclJYUlNhMGsxVWxWUmQxSnJUVFJOTUVsNVRWUmpNMDlVU1RCT1ZFMTVUbEU5UFE9PQ==,D:\github\exoneracoes_nomeacoes_dou\LAKE\RJ\2010\12\DOERJ_PARTE_I_PODER_EXECUTIVO_2010-12-30.md
RJ,Diario Oficial do Estado do Rio de Janeiro,2010-12-30,Parte I (Poder Executivo),nomeacao,TENENTE-CORONEL PM,,,Secretario,5,Wilson Jose Witzel - Governador,Wilson Jose Witzel,Executivo estadual,sim,Tenente-Coronel Pm:PER,sim,,,"NOMEAR CLÁUDIO LUIZ SILVA DE OLIVEIRA , Tenente-Coronel PM, RG 43.594, para exercer, com validade a contar de 14 de outubro de 2010, o cargo em comissão de Comandante, símbolo DAS-7, do 7º BPM, da Polícia Militar do Estado do Rio de Janeiro, da",https://www.ioerj.com.br/portal/modules/conteudoonline/mostra_edicao.php?session=VG1wYVJGSkVZelJPUlZsMFRtdGFSVTFUTURCU1ZFSkRURlZGZDFGclJYUlNhMGsxVWxWUmQxSnJUVFJOTUVsNVRWUmpNMDlVU1RCT1ZFMTVUbEU5UFE9PQ==,D:\github\exoneracoes_nomeacoes_dou\LAKE\RJ\2010\12\DOERJ_PARTE_I_PODER_EXECUTIVO_2010-12-30.md
RJ,Diario Oficial do Estado do Rio de Janeiro,2010-12-30,Parte I (Poder Executivo),nomeacao,TENENTE-CORONEL PM,,,Secretario,5,Wilson Jose Witzel - Governador,Wilson Jose Witzel,Executivo estadual,sim,Tenente-Coronel Pm:PER,sim,,,"NOMEAR ALEXANDRE FONTENELLE RIBEIRO DE OLIVEIRA , Tenente-Coronel PM, RG 53.573, para exercer, com validade a contar de 23 de novembro de 2010, o cargo em comissão de Comandante, símbolo DAS-7, da 41º BPM, da Polícia Militar do Estado do Rio de Janeiro, da",https://www.ioerj.com.br/portal/modules/conteudoonline/mostra_edicao.php?session=VG1wYVJGSkVZelJPUlZsMFRtdGFSVTFUTURCU1ZFSkRURlZGZDFGclJYUlNhMGsxVWxWUmQxSnJUVFJOTUVsNVRWUmpNMDlVU1RCT1ZFMTVUbEU5UFE9PQ==,D:\github\exoneracoes_nomeacoes_dou\LAKE\RJ\2010\12\DOERJ_PARTE_I_PODER_EXECUTIVO_2010-12-30.md
RJ,Diario Oficial do Estado do Rio de Janeiro,2010-12-30,Parte I (Poder Executivo),exoneracao,CAPITÃO PM,,,Secretario,5,Wilson Jose Witzel - Governador,Wilson Jose Witzel,Executivo estadual,sim,CAPITÃO PM:MISC|Capitão Pm:PER,sim,do cargo em comissão de Subchefe do CCI,,"EXONERAR com validade a contar de 15 de outubro de 2010, JAQUELINE VICTÓRIO RIBEIRO DE CARVALHO , Capitão PM, RG 72.646, do cargo em comissão de Subchefe do CCI, símbolo DAS-7, do Centro de Comunicação e Informática, da Polícia Militar do Estado do Rio de Janeiro, da",https://www.ioerj.com.br/portal/modules/conteudoonline/mostra_edicao.php?session=VG1wYVJGSkVZelJPUlZsMFRtdGFSVTFUTURCU1ZFSkRURlZGZDFGclJYUlNhMGsxVWxWUmQxSnJUVFJOTUVsNVRWUmpNMDlVU1RCT1ZFMTVUbEU5UFE9PQ==,D:\github\exoneracoes_nomeacoes_dou\LAKE\RJ\2010\12\DOERJ_PARTE_I_PODER_EXECUTIVO_2010-12-30.md
RJ,Diario Oficial do Estado do Rio de Janeiro,2010-12-30,Parte I (Poder Executivo),exoneracao,TENENTE-CORONEL PM,,,Secretario,5,Wilson Jose Witzel - Governador,Wilson Jose Witzel,Executivo estadual,sim,Tenente-Coronel Pm:PER,sim,do cargo em comissão de Assistente,,"EXONERAR com validade a contar de 19 de outubro de 2010, OSWALDO LUIZ PACHECO RIBEIRO , Tenente-Coronel PM, RG 39.113, do cargo em comissão de Assistente, símbolo DAS-6, da Chefe da Seção Administrativa de Saúde - DGS, da Polícia Militar do Estado do Rio de Janeiro, da",https://www.ioerj.com.br/portal/modules/conteudoonline/mostra_edicao.php?session=VG1wYVJGSkVZelJPUlZsMFRtdGFSVTFUTURCU1ZFSkRURlZGZDFGclJYUlNhMGsxVWxWUmQxSnJUVFJOTUVsNVRWUmpNMDlVU1RCT1ZFMTVUbEU5UFE9PQ==,D:\github\exoneracoes_nomeacoes_dou\LAKE\RJ\2010\12\DOERJ_PARTE_I_PODER_EXECUTIVO_2010-12-30.md
RJ,Diario Oficial do Estado do Rio de Janeiro,2010-12-30,DO Campos (Poder Executivo),nomeacao,SIMONE FERREIRA MUNIZ DE OLIVEIRA E ULYSSES CARDOSO RANGEL,,GUSTAVO GUIMARÃES PESSANHA,Presidente,6,Wilson Jose Witzel - Governador,Wilson Jose Witzel,Executivo estadual,sim,FERREIRA MUNIZ:MISC|OLIVEIRA:ORG|ULYSSES:ORG|CARDOSO RANGEL:MISC|Simone Ferreira Muniz De Oliveira E:PER,sim,,,"NOMEAR a COMISSÃO desta empresa, os servidores: Verônica Batista de Lima, Simone Ferreira Muniz de Oliveira e Ulysses Cardoso Rangel, sendo presidida por Simone Ferreira Muniz de Oliveira, com a finalidade de apurar os débitos não contabilizados, para fins de regularização, com citação em relatório de conclusão. Campos dos Goytacazes, 28 de dezembro de 2010 ## Gustavo Guimarães Pessanha Presidente da Empresa Municipal de Habitação, Urbanização e Saneamento Id: 1067935 <!-- image --> <!-- image --> <!-- image --> Ano II - N o - CLXXVI - Poder Executivo - Campos dos Goytac azes quinta-feira - 30 de dezembro de 2010 <!-- image --> <!-- image --> <!-- image --> <!-- image --> <!-- image --> <!-- image --> <!-- image --> ## PODER EXECUTIVO Ano II - N o - CLXXVI - Poder Executivo - Campos dos Goytacazes quinta-feira - 30 de ## PODER EXECUTIVO dezembro de 2010 <!-- image --> ##",https://www.ioerj.com.br/portal/modules/conteudoonline/mostra_edicao.php?session=VFd0Rk5VMVVUWGhPZWtsMFRtcEJlbEZUTURCU1ZFSkRURlZKZWxKVVRYUk5SVTB3VFRCTk1FMXFWVEpSZWxFelRWUmpNMDlVU1RCT1ZFMTVUbEU5UFE9PQ==,D:\github\exoneracoes_nomeacoes_dou\LAKE\RJ\2010\12\DOERJ_DO_CAMPOS_PODER_EXECUTIVO_2010-12-30.md
RJ,Diario Oficial do Estado do Rio de Janeiro,2010-12-28,Parte I (Poder Executivo),nomeacao,PAULO ROBERTO DOS SANTOS MELLO,,,Secretario,5,Wilson Jose Witzel - Governador,Wilson Jose Witzel,Executivo estadual,sim,Paulo Roberto Dos Santos Mello:PER,sim,para exercer o cargo em comissão de Assistente,da Subsecretaria Militar,"NOMEAR PAULO ROBERTO DOS SANTOS MELLO para exercer o cargo em comissão de Assistente, símbolo DAS-6, da Subsecretaria Militar, da",https://www.ioerj.com.br/portal/modules/conteudoonline/mostra_edicao.php?session=VWtSck1WSkZUa2RPZWxGMFRsVlZOVkZwTURCUlZFcEVURlZGTlUwd1VYUlJNRWt4VGxSamVsSnFTa05PUkdSRFRWUmpNMDlVU1RCT2FtZDZUWGM5UFE9PQ==,D:\github\exoneracoes_nomeacoes_dou\LAKE\RJ\2010\12\DOERJ_PARTE_I_PODER_EXECUTIVO_2010-12-28.md
RJ,Diario Oficial do Estado do Rio de Janeiro,2010-12-28,Parte I (Poder Executivo),exoneracao,TENENTE-CORONEL PM,,,Secretario,5,Wilson Jose Witzel - Governador,Wilson Jose Witzel,Executivo estadual,sim,Tenente-Coronel Pm:PER,sim,do cargo em comissão de Comandante,,"EXONERAR com validade a contar de 21 de outubro de 2010, IBIS SILVA PEREIRA , Tenente-Coronel PM, RG 39.102, do cargo em comissão de Comandante, símbolo DAS-7, da Escola Superior da Polícia Militar, da Polícia Militar do Estado do Rio de Janeiro, da",https://www.ioerj.com.br/portal/modules/conteudoonline/mostra_edicao.php?session=VWtSck1WSkZUa2RPZWxGMFRsVlZOVkZwTURCUlZFcEVURlZGTlUwd1VYUlJNRWt4VGxSamVsSnFTa05PUkdSRFRWUmpNMDlVU1RCT2FtZDZUWGM5UFE9PQ==,D:\github\exoneracoes_nomeacoes_dou\LAKE\RJ\2010\12\DOERJ_PARTE_I_PODER_EXECUTIVO_2010-12-28.md
RJ,Diario Oficial do Estado do Rio de Janeiro,2010-12-28,Parte I (Poder Executivo),nomeacao,TENENTE-CORONEL PM,,,Secretario,5,Wilson Jose Witzel - Governador,Wilson Jose Witzel,Executivo estadual,sim,Tenente-Coronel Pm:PER,sim,para exercer o cargo em comissão de Comandante,,"NOMEAR ANTÔNIO CARLOS CARBALLO BLANCO , Tenente-Coronel PM, RG 40.547, para exercer o cargo em comissão de Comandante, símbolo DAS-7, da Escola Superior da Polícia Militar, da Polícia Militar do Estado do Rio de Janeiro, da",https://www.ioerj.com.br/portal/modules/conteudoonline/mostra_edicao.php?session=VWtSck1WSkZUa2RPZWxGMFRsVlZOVkZwTURCUlZFcEVURlZGTlUwd1VYUlJNRWt4VGxSamVsSnFTa05PUkdSRFRWUmpNMDlVU1RCT2FtZDZUWGM5UFE9PQ==,D:\github\exoneracoes_nomeacoes_dou\LAKE\RJ\2010\12\DOERJ_PARTE_I_PODER_EXECUTIVO_2010-12-28.md
RJ,Diario Oficial do Estado do Rio de Janeiro,2010-12-28,Parte I (Poder Executivo),nomeacao,TENENTE-CORONEL PM,,,Secretario,5,Wilson Jose Witzel - Governador,Wilson Jose Witzel,Executivo estadual,sim,Tenente-Coronel Pm:PER,sim,para exercer o cargo em comissão de Comandante,,"NOMEAR ROGÉRIO LUIZ TEIXEIRA LEITÃO , Tenente-Coronel PM, RG 46.709, para exercer o cargo em comissão de Comandante, símbolo DAS-7, do 4º BPM, da Polícia Militar do Estado do Rio de Janeiro, da",https://www.ioerj.com.br/portal/modules/conteudoonline/mostra_edicao.php?session=VWtSck1WSkZUa2RPZWxGMFRsVlZOVkZwTURCUlZFcEVURlZGTlUwd1VYUlJNRWt4VGxSamVsSnFTa05PUkdSRFRWUmpNMDlVU1RCT2FtZDZUWGM5UFE9PQ==,D:\github\exoneracoes_nomeacoes_dou\LAKE\RJ\2010\12\DOERJ_PARTE_I_PODER_EXECUTIVO_2010-12-28.md
RJ,Diario Oficial do Estado do Rio de Janeiro,2010-12-28,Parte I (Poder Executivo),nomeacao,TENENTE-CORONEL PM,,,Secretario,5,Wilson Jose Witzel - Governador,Wilson Jose Witzel,Executivo estadual,sim,Tenente-Coronel Pm:PER,sim,para exercer o cargo em comissão de Comandante,,"NOMEAR CARLOS DE SOUZA ALVES , Tenente-Coronel PM, RG 43.581, para exercer o cargo em comissão de Comandante, símbolo DAS-7, do 18º BPM, da Polícia Militar do Estado do Rio de Janeiro, da",https://www.ioerj.com.br/portal/modules/conteudoonline/mostra_edicao.php?session=VWtSck1WSkZUa2RPZWxGMFRsVlZOVkZwTURCUlZFcEVURlZGTlUwd1VYUlJNRWt4VGxSamVsSnFTa05PUkdSRFRWUmpNMDlVU1RCT2FtZDZUWGM5UFE9PQ==,D:\github\exoneracoes_nomeacoes_dou\LAKE\RJ\2010\12\DOERJ_PARTE_I_PODER_EXECUTIVO_2010-12-28.md
RJ,Diario Oficial do Estado do Rio de Janeiro,2010-12-28,Parte I (Poder Executivo),nomeacao,TENENTE-CORONEL PM,,,Secretario,5,Wilson Jose Witzel - Governador,Wilson Jose Witzel,Executivo estadual,sim,Tenente-Coronel Pm:PER,sim,,,"NOMEAR CARLOS ROBERTO GARCIA DE OLIVEIRA , Tenente-Coronel PM, RG 52.793, para exercer, com validade a contar de 14 de outubro de 2010, o cargo em comissão de Comandante, símbolo DAS-7, do 23º BPM, da Polícia Militar do Estado do Rio de Janeiro, da",https://www.ioerj.com.br/portal/modules/conteudoonline/mostra_edicao.php?session=VWtSck1WSkZUa2RPZWxGMFRsVlZOVkZwTURCUlZFcEVURlZGTlUwd1VYUlJNRWt4VGxSamVsSnFTa05PUkdSRFRWUmpNMDlVU1RCT2FtZDZUWGM5UFE9PQ==,D:\github\exoneracoes_nomeacoes_dou\LAKE\RJ\2010\12\DOERJ_PARTE_I_PODER_EXECUTIVO_2010-12-28.md
RJ,Diario Oficial do Estado do Rio de Janeiro,2010-12-28,Parte I (Poder Executivo),nomeacao,TENENTE-CORONEL PM,,,Secretario,5,Wilson Jose Witzel - Governador,Wilson Jose Witzel,Executivo estadual,sim,Tenente-Coronel Pm:PER,sim,,,"NOMEAR IBIS SILVA PEREIRA , Tenente-Coronel PM, RG 39.102, para exercer, com validade a contar de 21 de outubro de 2010, o cargo em comissão de Comandante, símbolo DAS-7, do 26º BPM, da Polícia Militar do Estado do Rio de Janeiro, da",https://www.ioerj.com.br/portal/modules/conteudoonline/mostra_edicao.php?session=VWtSck1WSkZUa2RPZWxGMFRsVlZOVkZwTURCUlZFcEVURlZGTlUwd1VYUlJNRWt4VGxSamVsSnFTa05PUkdSRFRWUmpNMDlVU1RCT2FtZDZUWGM5UFE9PQ==,D:\github\exoneracoes_nomeacoes_dou\LAKE\RJ\2010\12\DOERJ_PARTE_I_PODER_EXECUTIVO_2010-12-28.md
RJ,Diario Oficial do Estado do Rio de Janeiro,2010-12-28,Parte I (Poder Executivo),nomeacao,TENENTE-CORONEL PM,,,Secretario,5,Wilson Jose Witzel - Governador,Wilson Jose Witzel,Executivo estadual,sim,Tenente-Coronel Pm:PER,sim,para exercer o cargo em comissão de Comandante,,"NOMEAR ANTÔNIO JORGE GONÇALVES MOREIRA , Tenente-Coronel PM, RG 36.167, para exercer o cargo em comissão de Comandante, símbolo DAS-7, do 28º BPM, da Polícia Militar do Estado do Rio de Janeiro, da",https://www.ioerj.com.br/portal/modules/conteudoonline/mostra_edicao.php?session=VWtSck1WSkZUa2RPZWxGMFRsVlZOVkZwTURCUlZFcEVURlZGTlUwd1VYUlJNRWt4VGxSamVsSnFTa05PUkdSRFRWUmpNMDlVU1RCT2FtZDZUWGM5UFE9PQ==,D:\github\exoneracoes_nomeacoes_dou\LAKE\RJ\2010\12\DOERJ_PARTE_I_PODER_EXECUTIVO_2010-12-28.md
RJ,Diario Oficial do Estado do Rio de Janeiro,2010-12-28,Parte I (Poder Executivo),nomeacao,TENENTE-CORONEL PM,,,Secretario,5,Wilson Jose Witzel - Governador,Wilson Jose Witzel,Executivo estadual,sim,Tenente-Coronel Pm:PER,sim,para exercer o cargo em comissão de Comandante,,"NOMEAR JOÃO SILVESTRE DE ARAÚJO , Tenente-Coronel PM, RG 39.116, para exercer o cargo em comissão de Comandante, símbolo DAS-7, do 39º BPM, da Polícia Militar do Estado do Rio de Janeiro, da",https://www.ioerj.com.br/portal/modules/conteudoonline/mostra_edicao.php?session=VWtSck1WSkZUa2RPZWxGMFRsVlZOVkZwTURCUlZFcEVURlZGTlUwd1VYUlJNRWt4VGxSamVsSnFTa05PUkdSRFRWUmpNMDlVU1RCT2FtZDZUWGM5UFE9PQ==,D:\github\exoneracoes_nomeacoes_dou\LAKE\RJ\2010\12\DOERJ_PARTE_I_PODER_EXECUTIVO_2010-12-28.md
RJ,Diario Oficial do Estado do Rio de Janeiro,2010-12-28,Parte I (Poder Executivo),nomeacao,OSNI DA SILVA VIDREIRO,,,Secretario,5,Wilson Jose Witzel - Governador,Wilson Jose Witzel,Executivo estadual,sim,OSNI DA SILVA VIDREIRO:MISC|Osni Da Silva Vidreiro:PER,sim,,da Fundação Santa Cabrini,"NOMEAR OSNI DA SILVA VIDREIRO para exercer, com validade a contar de 03 de dezembro de 2010, o cargo em comissão de Chefe de Serviço, símbolo DAI-6, do Serviço Técnico Especializado (nº 7), da Gerência de Produção e Serviços, da Diretoria de Produção e Comercialização, da Fundação Santa Cabrini, da",https://www.ioerj.com.br/portal/modules/conteudoonline/mostra_edicao.php?session=VWtSck1WSkZUa2RPZWxGMFRsVlZOVkZwTURCUlZFcEVURlZGTlUwd1VYUlJNRWt4VGxSamVsSnFTa05PUkdSRFRWUmpNMDlVU1RCT2FtZDZUWGM5UFE9PQ==,D:\github\exoneracoes_nomeacoes_dou\LAKE\RJ\2010\12\DOERJ_PARTE_I_PODER_EXECUTIVO_2010-12-28.md
RJ,Diario Oficial do Estado do Rio de Janeiro,2010-12-28,Parte I (Poder Executivo),nomeacao,AMARILDO MIRANDA,,,Secretario,5,Wilson Jose Witzel - Governador,Wilson Jose Witzel,Executivo estadual,sim,AMARILDO MIRANDA:MISC|Amarildo Miranda:PER,sim,,da Fundação Santa Cabrini,"NOMEAR AMARILDO MIRANDA para exercer, com validade a contar de 03 de dezembro de 2010, o cargo em comissão de Chefe de Serviço, símbolo DAI-6, do Serviço de Manutenção, da Gerência de Produção e Serviços, da Diretoria de Produção e Comercialização, da Fundação Santa Cabrini, da",https://www.ioerj.com.br/portal/modules/conteudoonline/mostra_edicao.php?session=VWtSck1WSkZUa2RPZWxGMFRsVlZOVkZwTURCUlZFcEVURlZGTlUwd1VYUlJNRWt4VGxSamVsSnFTa05PUkdSRFRWUmpNMDlVU1RCT2FtZDZUWGM5UFE9PQ==,D:\github\exoneracoes_nomeacoes_dou\LAKE\RJ\2010\12\DOERJ_PARTE_I_PODER_EXECUTIVO_2010-12-28.md
RJ,Diario Oficial do Estado do Rio de Janeiro,2010-12-28,Parte I (Poder Executivo),nomeacao,LUIZ FELIPE MEZZARI,,,Secretario,5,Wilson Jose Witzel - Governador,Wilson Jose Witzel,Executivo estadual,sim,LUIZ FELIPE MEZZARI:PER,sim,,,"NOMEAR LUIZ FELIPE MEZZARI para exercer, com validade a contar de 23 de dezembro de 2010, o cargo em comissão de Assistente II, símbolo DAI-6, da",https://www.ioerj.com.br/portal/modules/conteudoonline/mostra_edicao.php?session=VWtSck1WSkZUa2RPZWxGMFRsVlZOVkZwTURCUlZFcEVURlZGTlUwd1VYUlJNRWt4VGxSamVsSnFTa05PUkdSRFRWUmpNMDlVU1RCT2FtZDZUWGM5UFE9PQ==,D:\github\exoneracoes_nomeacoes_dou\LAKE\RJ\2010\12\DOERJ_PARTE_I_PODER_EXECUTIVO_2010-12-28.md
RJ,Diario Oficial do Estado do Rio de Janeiro,2010-12-28,Parte I (Poder Executivo),nomeacao,ALAN TEIXEIRA DE CARVALHO,,,Secretario,5,Wilson Jose Witzel - Governador,Wilson Jose Witzel,Executivo estadual,sim,ALAN TEIXEIRA DE CARVALHO:PER,sim,para exercer o cargo em comissão de Encarregado Técnico,da Fundação Teatro Municipal do Rio de Janeiro - FTM/RJ,"NOMEAR ALAN TEIXEIRA DE CARVALHO para exercer o cargo em comissão de Encarregado Técnico, símbolo DAI-5, da Divisão de Engenharia, Arquitetura e Manutenção, da Diretoria Administrativa e Financeira, da Fundação Teatro Municipal do Rio de Janeiro - FTM/RJ, da",https://www.ioerj.com.br/portal/modules/conteudoonline/mostra_edicao.php?session=VWtSck1WSkZUa2RPZWxGMFRsVlZOVkZwTURCUlZFcEVURlZGTlUwd1VYUlJNRWt4VGxSamVsSnFTa05PUkdSRFRWUmpNMDlVU1RCT2FtZDZUWGM5UFE9PQ==,D:\github\exoneracoes_nomeacoes_dou\LAKE\RJ\2010\12\DOERJ_PARTE_I_PODER_EXECUTIVO_2010-12-28.md
RJ,Diario Oficial do Estado do Rio de Janeiro,2010-12-28,Parte I (Poder Executivo),nomeacao,BEATRIZ BELTÃO RODRIGUEZ,,,Secretario,5,Wilson Jose Witzel - Governador,Wilson Jose Witzel,Executivo estadual,sim,Beatriz Beltão Rodriguez:PER,sim,para exercer o cargo em comissão de Assistente de Restauração,da Fundação Teatro Municipal do Rio de Janeiro -FTM/RJ,"NOMEAR BEATRIZ BELTÃO RODRIGUEZ para exercer o cargo em comissão de Assistente de Restauração, símbolo DAS-6, da Divisão de Engenharia, Arquitetura e Manutenção, da Diretoria Administrativa e Financeira, da Fundação Teatro Municipal do Rio de Janeiro -FTM/RJ, da",https://www.ioerj.com.br/portal/modules/conteudoonline/mostra_edicao.php?session=VWtSck1WSkZUa2RPZWxGMFRsVlZOVkZwTURCUlZFcEVURlZGTlUwd1VYUlJNRWt4VGxSamVsSnFTa05PUkdSRFRWUmpNMDlVU1RCT2FtZDZUWGM5UFE9PQ==,D:\github\exoneracoes_nomeacoes_dou\LAKE\RJ\2010\12\DOERJ_PARTE_I_PODER_EXECUTIVO_2010-12-28.md
RJ,Diario Oficial do Estado do Rio de Janeiro,2010-12-27,Parte I (Poder Executivo),nomeacao,OCTÁVIO VIDAL,,,Governador,1,Wilson Jose Witzel - Governador,Wilson Jose Witzel,Executivo estadual,sim,Octávio Vidal:PER,sim,para exercer o cargo em comissão de Assessor-Chefe,da Fundação Centro de Ciências e Educação Superior à Distância do Estado do Rio de Janeiro - CECIERJ,"NOMEAR OCTÁVIO VIDAL DA SILVEIRA , matrícula nº 1453-0, para exercer o cargo em comissão de Assessor-Chefe, símbolo CECIERJ III, da Assessoria de Controle Interno, da Presidência, da Fundação Centro de Ciências e Educação Superior à Distância do Estado do Rio de Janeiro - CECIERJ, da",https://www.ioerj.com.br/portal/modules/conteudoonline/mostra_edicao.php?session=VGxWT1EwNTZWWHBQUlZsMFRWUlNRMDVUTURCU1ZGVXhURlZLUWs1cVdYUk9lbWhEVGxWU1FrNTZXWGROYTFsM1RWUmpNMDlVU1RCT2VrRjVUMEU5UFE9PQ==,D:\github\exoneracoes_nomeacoes_dou\LAKE\RJ\2010\12\DOERJ_PARTE_I_PODER_EXECUTIVO_2010-12-27.md
RJ,Diario Oficial do Estado do Rio de Janeiro,2010-12-27,Parte I (Poder Executivo),nomeacao,ANTONIO LUIZ NOGUEIRA,,,Governador,1,Wilson Jose Witzel - Governador,Wilson Jose Witzel,Executivo estadual,sim,ANTONIO LUIZ NOGUEIRA:PER,sim,para exercer o cargo em comissão de Diretor de Divisão,do Departamento de Material,"NOMEAR ANTONIO LUIZ NOGUEIRA DA SILVA , matrícula nº 11866, para exercer o cargo em comissão de Diretor de Divisão, símbolo CECIERJ VI, da Divisão de Almoxarifado, do Departamento de Material, da Diretoria Geral de Administração e Finanças,, da Fundação Centro de Ciências e Educação Superior à Distância do Estado do Rio de Janeiro - CECIERJ, da",https://www.ioerj.com.br/portal/modules/conteudoonline/mostra_edicao.php?session=VGxWT1EwNTZWWHBQUlZsMFRWUlNRMDVUTURCU1ZGVXhURlZLUWs1cVdYUk9lbWhEVGxWU1FrNTZXWGROYTFsM1RWUmpNMDlVU1RCT2VrRjVUMEU5UFE9PQ==,D:\github\exoneracoes_nomeacoes_dou\LAKE\RJ\2010\12\DOERJ_PARTE_I_PODER_EXECUTIVO_2010-12-27.md
RJ,Diario Oficial do Estado do Rio de Janeiro,2010-12-27,Parte I (Poder Executivo),nomeacao,CARLOS FILADELFO,,,Governador,1,Wilson Jose Witzel - Governador,Wilson Jose Witzel,Executivo estadual,sim,CARLOS FILADELFO:ORG|Carlos Filadelfo:PER,sim,para exercer o cargo em comissão de Diretor de Divisão,do Departamento de Serviços,"NOMEAR CARLOS FILADELFO DA SILVA , matrícula nº 1098-3, para exercer o cargo em comissão de Diretor de Divisão, símbolo CECIERJ VI, da Divisão de Protocolo, do Departamento de Serviços, da Diretoria Geral de Administração e Finanças,, da Fundação Centro de Ciências e Educação Superior à Distância do Estado do Rio de Janeiro - CECIERJ, da",https://www.ioerj.com.br/portal/modules/conteudoonline/mostra_edicao.php?session=VGxWT1EwNTZWWHBQUlZsMFRWUlNRMDVUTURCU1ZGVXhURlZLUWs1cVdYUk9lbWhEVGxWU1FrNTZXWGROYTFsM1RWUmpNMDlVU1RCT2VrRjVUMEU5UFE9PQ==,D:\github\exoneracoes_nomeacoes_dou\LAKE\RJ\2010\12\DOERJ_PARTE_I_PODER_EXECUTIVO_2010-12-27.md
RJ,Diario Oficial do Estado do Rio de Janeiro,2010-12-27,Parte I (Poder Executivo),exoneracao,DANIEL BAPTISTA,,,Governador,1,Wilson Jose Witzel - Governador,Wilson Jose Witzel,Executivo estadual,sim,DANIEL:MISC|Daniel Baptista:PER,sim,do cargo em comissão de Chefe de Setor II,,"EXONERAR DANIEL BAPTISTA DA SILVA , matrícula nº 1160-1, do cargo em comissão de Chefe de Setor II, símbolo CECIERJ VI (objeto de transformação estabelecida pelo",https://www.ioerj.com.br/portal/modules/conteudoonline/mostra_edicao.php?session=VGxWT1EwNTZWWHBQUlZsMFRWUlNRMDVUTURCU1ZGVXhURlZLUWs1cVdYUk9lbWhEVGxWU1FrNTZXWGROYTFsM1RWUmpNMDlVU1RCT2VrRjVUMEU5UFE9PQ==,D:\github\exoneracoes_nomeacoes_dou\LAKE\RJ\2010\12\DOERJ_PARTE_I_PODER_EXECUTIVO_2010-12-27.md
RJ,Diario Oficial do Estado do Rio de Janeiro,2010-12-27,Parte I (Poder Executivo),nomeacao,ELIANE RODRIGUES DA COSTA VIANA,,,Governador,1,Wilson Jose Witzel - Governador,Wilson Jose Witzel,Executivo estadual,sim,COSTA VIANA:MISC|Eliane Rodrigues Da Costa Viana:PER,sim,para exercer o cargo em comissão de Diretor de Pólo,da Fundação Centro de Ciências e Educação Superior à Distância do Estado do Rio de Janeiro - CECIERJ,"NOMEAR ELIANE RODRIGUES DA COSTA VIANA para exercer o cargo em comissão de Diretor de Pólo, símbolo CECIERJ IV, da Diretoria de Pólos Regionais, da Vice-Presidência de Educação Superior à Distância, da Fundação Centro de Ciências e Educação Superior à Distância do Estado do Rio de Janeiro - CECIERJ, da",https://www.ioerj.com.br/portal/modules/conteudoonline/mostra_edicao.php?session=VGxWT1EwNTZWWHBQUlZsMFRWUlNRMDVUTURCU1ZGVXhURlZLUWs1cVdYUk9lbWhEVGxWU1FrNTZXWGROYTFsM1RWUmpNMDlVU1RCT2VrRjVUMEU5UFE9PQ==,D:\github\exoneracoes_nomeacoes_dou\LAKE\RJ\2010\12\DOERJ_PARTE_I_PODER_EXECUTIVO_2010-12-27.md
RJ,Diario Oficial do Estado do Rio de Janeiro,2010-12-27,Parte I (Poder Executivo),nomeacao,FRANCISCO DE SALES FERREIRA,,,Governador,1,Wilson Jose Witzel - Governador,Wilson Jose Witzel,Executivo estadual,sim,FRANCISCO DE SALES FERREIRA:PER,sim,para exercer o cargo em comissão de Assessor,da Fundação Centro de Ciências e Educação Superior à Distância do Estado do Rio de Janeiro - CECIERJ,"NOMEAR FRANCISCO DE SALES FERREIRA DO AMARAL , matrícula nº 1131-2, para exercer o cargo em comissão de Assessor, símbolo CECIERJ V, da Fundação Centro de Ciências e Educação Superior à Distância do Estado do Rio de Janeiro - CECIERJ, da",https://www.ioerj.com.br/portal/modules/conteudoonline/mostra_edicao.php?session=VGxWT1EwNTZWWHBQUlZsMFRWUlNRMDVUTURCU1ZGVXhURlZLUWs1cVdYUk9lbWhEVGxWU1FrNTZXWGROYTFsM1RWUmpNMDlVU1RCT2VrRjVUMEU5UFE9PQ==,D:\github\exoneracoes_nomeacoes_dou\LAKE\RJ\2010\12\DOERJ_PARTE_I_PODER_EXECUTIVO_2010-12-27.md
RJ,Diario Oficial do Estado do Rio de Janeiro,2010-12-27,Parte I (Poder Executivo),nomeacao,LOURAINE MATTOS,,,Governador,1,Wilson Jose Witzel - Governador,Wilson Jose Witzel,Executivo estadual,sim,LOURAINE MATTOS:PER,sim,para exercer o cargo em comissão de Diretor de Pólo,da Fundação Centro de Ciências e Educação Superior à Distância do Estado do Rio de Janeiro CECIERJ,"NOMEAR LOURAINE MATTOS DA SILVA ANTUNES , matrícula nº 1396-1, para exercer o cargo em comissão de Diretor de Pólo, símbolo CECIERJ IV, da Diretoria de Pólos Regionais, da Vice-Presidência de Educação Superior à Distância, da Fundação Centro de Ciências e Educação Superior à Distância do Estado do Rio de Janeiro CECIERJ, da",https://www.ioerj.com.br/portal/modules/conteudoonline/mostra_edicao.php?session=VGxWT1EwNTZWWHBQUlZsMFRWUlNRMDVUTURCU1ZGVXhURlZLUWs1cVdYUk9lbWhEVGxWU1FrNTZXWGROYTFsM1RWUmpNMDlVU1RCT2VrRjVUMEU5UFE9PQ==,D:\github\exoneracoes_nomeacoes_dou\LAKE\RJ\2010\12\DOERJ_PARTE_I_PODER_EXECUTIVO_2010-12-27.md
RJ,Diario Oficial do Estado do Rio de Janeiro,2010-12-27,Parte I (Poder Executivo),nomeacao,MATRÍCULA Nº1378-9,,,Governador,1,Wilson Jose Witzel - Governador,Wilson Jose Witzel,Executivo estadual,sim,MATRÍCULA:ORG|Matrícula:PER,sim,para exercer o cargo em comissão de Assistente,da Fundação Centro de Ciências e Educação Superior à Distância do Estado do Rio de Janeiro - CECIERJ,"NOMEAR LUCIANA CABISIERI MACEDO , matrícula nº1378-9, para exercer o cargo em comissão de Assistente, símbolo CECIERJ VI, da Fundação Centro de Ciências e Educação Superior à Distância do Estado do Rio de Janeiro - CECIERJ, da",https://www.ioerj.com.br/portal/modules/conteudoonline/mostra_edicao.php?session=VGxWT1EwNTZWWHBQUlZsMFRWUlNRMDVUTURCU1ZGVXhURlZLUWs1cVdYUk9lbWhEVGxWU1FrNTZXWGROYTFsM1RWUmpNMDlVU1RCT2VrRjVUMEU5UFE9PQ==,D:\github\exoneracoes_nomeacoes_dou\LAKE\RJ\2010\12\DOERJ_PARTE_I_PODER_EXECUTIVO_2010-12-27.md
RJ,Diario Oficial do Estado do Rio de Janeiro,2010-12-27,Parte I (Poder Executivo),nomeacao,MARIA APARECIDA,,,Governador,1,Wilson Jose Witzel - Governador,Wilson Jose Witzel,Executivo estadual,sim,MARIA APARECIDA:PER,sim,para exercer o cargo em comissão de Assessor,da Fundação Centro de Ciências e Educação Superior à Distância do Estado do Rio de Janeiro - CECIERJ,"NOMEAR MARIA APARECIDA DA CRUZ XAVIER , matrícula nº 1422-5, para exercer o cargo em comissão de Assessor, símbolo CECIERJ V, da Fundação Centro de Ciências e Educação Superior à Distância do Estado do Rio de Janeiro - CECIERJ, da",https://www.ioerj.com.br/portal/modules/conteudoonline/mostra_edicao.php?session=VGxWT1EwNTZWWHBQUlZsMFRWUlNRMDVUTURCU1ZGVXhURlZLUWs1cVdYUk9lbWhEVGxWU1FrNTZXWGROYTFsM1RWUmpNMDlVU1RCT2VrRjVUMEU5UFE9PQ==,D:\github\exoneracoes_nomeacoes_dou\LAKE\RJ\2010\12\DOERJ_PARTE_I_PODER_EXECUTIVO_2010-12-27.md
RJ,Diario Oficial do Estado do Rio de Janeiro,2010-12-27,Parte I (Poder Executivo),nomeacao,MARIA CRISTINA PFEIFFER FERNANDES,,,Governador,1,Wilson Jose Witzel - Governador,Wilson Jose Witzel,Executivo estadual,sim,CRISTINA:ORG|Maria Cristina Pfeiffer Fernandes:PER,sim,para exercer o cargo em comissão de Diretor de Departamento,do Departamento de Mídias Digitais,"NOMEAR MARIA CRISTINA PFEIFFER FERNANDES, matrícula nº 1357-3, para exercer o cargo em comissão de Diretor de Departamento, símbolo CECIERJ V, do Departamento de Mídias Digitais, da Diretoria de Material Didático, da Vice-Presidência de Educação Superior à Distância, da Fundação Centro de Ciências e Educação Superior à Distância do Estado do Rio de Janeiro - CECIERJ, da",https://www.ioerj.com.br/portal/modules/conteudoonline/mostra_edicao.php?session=VGxWT1EwNTZWWHBQUlZsMFRWUlNRMDVUTURCU1ZGVXhURlZLUWs1cVdYUk9lbWhEVGxWU1FrNTZXWGROYTFsM1RWUmpNMDlVU1RCT2VrRjVUMEU5UFE9PQ==,D:\github\exoneracoes_nomeacoes_dou\LAKE\RJ\2010\12\DOERJ_PARTE_I_PODER_EXECUTIVO_2010-12-27.md
RJ,Diario Oficial do Estado do Rio de Janeiro,2010-12-27,Parte I (Poder Executivo),nomeacao,MARIA CRISTINA PENNA,,,Governador,1,Wilson Jose Witzel - Governador,Wilson Jose Witzel,Executivo estadual,sim,CRISTINA PENNA:MISC|Maria Cristina Penna:PER,sim,para exercer o cargo em comissão de Diretor de Pólo,da Fundação Centro de Ciências e Educação Superior à Distância do Estado do Rio de Janeiro - CECIERJ,"NOMEAR MARIA CRISTINA PENNA para exercer o cargo em comissão de Diretor de Pólo, símbolo CECIERJ IV, da Diretoria de Pólos Regionais, da Vice-Presidência de Educação Superior à Distância, da Fundação Centro de Ciências e Educação Superior à Distância do Estado do Rio de Janeiro - CECIERJ, da",https://www.ioerj.com.br/portal/modules/conteudoonline/mostra_edicao.php?session=VGxWT1EwNTZWWHBQUlZsMFRWUlNRMDVUTURCU1ZGVXhURlZLUWs1cVdYUk9lbWhEVGxWU1FrNTZXWGROYTFsM1RWUmpNMDlVU1RCT2VrRjVUMEU5UFE9PQ==,D:\github\exoneracoes_nomeacoes_dou\LAKE\RJ\2010\12\DOERJ_PARTE_I_PODER_EXECUTIVO_2010-12-27.md
RJ,Diario Oficial do Estado do Rio de Janeiro,2010-12-27,Parte I (Poder Executivo),nomeacao,MARTA DE FÁTIMA ALVES,,,Governador,1,Wilson Jose Witzel - Governador,Wilson Jose Witzel,Executivo estadual,sim,MARTA:ORG|DE FÁTIMA ALVES:ORG|Marta De Fátima Alves:PER,sim,para exercer o cargo em comissão de Diretor de Pólo,da Fundação Centro de Ciências e Educação Superior à Distância do Estado do Rio de Janeiro -CECIERJ,"NOMEAR MARTA DE FÁTIMA ALVES DA SILVA , matrícula nº 12724, para exercer o cargo em comissão de Diretor de Pólo, símbolo CECIERJ IV, da Diretoria de Pólos Regionais, da Vice-Presidência de Educação Superior à Distância, da Fundação Centro de Ciências e Educação Superior à Distância do Estado do Rio de Janeiro -CECIERJ, da",https://www.ioerj.com.br/portal/modules/conteudoonline/mostra_edicao.php?session=VGxWT1EwNTZWWHBQUlZsMFRWUlNRMDVUTURCU1ZGVXhURlZLUWs1cVdYUk9lbWhEVGxWU1FrNTZXWGROYTFsM1RWUmpNMDlVU1RCT2VrRjVUMEU5UFE9PQ==,D:\github\exoneracoes_nomeacoes_dou\LAKE\RJ\2010\12\DOERJ_PARTE_I_PODER_EXECUTIVO_2010-12-27.md
RJ,Diario Oficial do Estado do Rio de Janeiro,2010-12-27,Parte I (Poder Executivo),nomeacao,RAMIRES BELTRÃO,,,Governador,1,Wilson Jose Witzel - Governador,Wilson Jose Witzel,Executivo estadual,sim,RAMIRES BELTRÃO:MISC|Ramires Beltrão:PER,sim,para exercer o cargo em comissão de Assistente,da Fundação Centro de Ciências e Educação Superior à Distância do Estado do Rio de Janeiro - CECIERJ,"NOMEAR RAMIRES BELTRÃO DO VALLE , matrícula nº 1255-9, para exercer o cargo em comissão de Assistente, símbolo CECIERJ VI, da Fundação Centro de Ciências e Educação Superior à Distância do Estado do Rio de Janeiro - CECIERJ, da",https://www.ioerj.com.br/portal/modules/conteudoonline/mostra_edicao.php?session=VGxWT1EwNTZWWHBQUlZsMFRWUlNRMDVUTURCU1ZGVXhURlZLUWs1cVdYUk9lbWhEVGxWU1FrNTZXWGROYTFsM1RWUmpNMDlVU1RCT2VrRjVUMEU5UFE9PQ==,D:\github\exoneracoes_nomeacoes_dou\LAKE\RJ\2010\12\DOERJ_PARTE_I_PODER_EXECUTIVO_2010-12-27.md
RJ,Diario Oficial do Estado do Rio de Janeiro,2010-12-27,Parte I (Poder Executivo),nomeacao,REGINA LÚCIA FRANCO,,,Governador,1,Wilson Jose Witzel - Governador,Wilson Jose Witzel,Executivo estadual,sim,REGINA LÚCIA FRANCO:MISC|Regina Lúcia Franco:PER,sim,para exercer o cargo em comissão de Diretor de Pólo,da Fundação Centro de Ciências e Educação Superior à Distância do Estado do Rio de Janeiro CECIERJ,"NOMEAR REGINA LÚCIA FRANCO DA SILVEIRA , matrícula nº 1262-5, para exercer o cargo em comissão de Diretor de Pólo, símbolo CECIERJ IV, da Diretoria de Pólos Regionais, da Vice-Presidência de Educação Superior à Distância, da Fundação Centro de Ciências e Educação Superior à Distância do Estado do Rio de Janeiro CECIERJ, da",https://www.ioerj.com.br/portal/modules/conteudoonline/mostra_edicao.php?session=VGxWT1EwNTZWWHBQUlZsMFRWUlNRMDVUTURCU1ZGVXhURlZLUWs1cVdYUk9lbWhEVGxWU1FrNTZXWGROYTFsM1RWUmpNMDlVU1RCT2VrRjVUMEU5UFE9PQ==,D:\github\exoneracoes_nomeacoes_dou\LAKE\RJ\2010\12\DOERJ_PARTE_I_PODER_EXECUTIVO_2010-12-27.md
RJ,Diario Oficial do Estado do Rio de Janeiro,2010-12-27,Parte I (Poder Executivo),nomeacao,RENATA SANTOS,,,Governador,1,Wilson Jose Witzel - Governador,Wilson Jose Witzel,Executivo estadual,sim,RENATA SANTOS:MISC|Renata Santos:PER,sim,,do Departamento de Coordenação de Cursos,"NOMEAR RENATA SANTOS DA SILVA , matrícula nº 1271-6, para exercer oi cargo em comissão de Diretor de Departamento, símbolo CECIERJ V, do Departamento de Coordenação de Cursos, da Diretoria Acadêmica, da Vice-Presidência de Educação Superior à Distância, da Fundação Centro de Ciências e Educação Superior à Distância do Estado do Rio de Janeiro - CECIERJ, da",https://www.ioerj.com.br/portal/modules/conteudoonline/mostra_edicao.php?session=VGxWT1EwNTZWWHBQUlZsMFRWUlNRMDVUTURCU1ZGVXhURlZLUWs1cVdYUk9lbWhEVGxWU1FrNTZXWGROYTFsM1RWUmpNMDlVU1RCT2VrRjVUMEU5UFE9PQ==,D:\github\exoneracoes_nomeacoes_dou\LAKE\RJ\2010\12\DOERJ_PARTE_I_PODER_EXECUTIVO_2010-12-27.md
RJ,Diario Oficial do Estado do Rio de Janeiro,2010-12-27,Parte I (Poder Executivo),nomeacao,UBIRAJARA LUIZ,,,Governador,1,Wilson Jose Witzel - Governador,Wilson Jose Witzel,Executivo estadual,sim,LUIZ:PER,sim,para exercer o cargo em comissão de Diretor de Divisão,do Departamento de Serviços,"NOMEAR UBIRAJARA LUIZ DA SILVA , matrícula nº 1400-1, para exercer o cargo em comissão de Diretor de Divisão, símbolo CECIERJ VI, da Divisão de Manutenção, do Departamento de Serviços, da Diretoria Geral de Administração e Finanças, da Fundação Centro de Ciências e Educação Superior à Distância do Estado do Rio de Janeiro - CECIERJ, da",https://www.ioerj.com.br/portal/modules/conteudoonline/mostra_edicao.php?session=VGxWT1EwNTZWWHBQUlZsMFRWUlNRMDVUTURCU1ZGVXhURlZLUWs1cVdYUk9lbWhEVGxWU1FrNTZXWGROYTFsM1RWUmpNMDlVU1RCT2VrRjVUMEU5UFE9PQ==,D:\github\exoneracoes_nomeacoes_dou\LAKE\RJ\2010\12\DOERJ_PARTE_I_PODER_EXECUTIVO_2010-12-27.md
RJ,Diario Oficial do Estado do Rio de Janeiro,2010-12-27,Parte I (Poder Executivo),nomeacao,VALÉRIA GIACOIA,,,Governador,1,Wilson Jose Witzel - Governador,Wilson Jose Witzel,Executivo estadual,sim,VALÉRIA GIACOIA:PER,sim,para exercer o cargo em comissão de Diretor de Pólo,da Fundação Centro de Ciências e Educação Superior à Distância do Estado do Rio de Janeiro - CECIERJ,"NOMEAR VALÉRIA GIACOIA DA COSTA , matrícula nº 1287-2, para exercer o cargo em comissão de Diretor de Pólo, símbolo CECIERJ IV, da Diretoria de Pólos Regionais, da Vice-Presidência de Educação Superior à Distância, da Fundação Centro de Ciências e Educação Superior à Distância do Estado do Rio de Janeiro - CECIERJ, da",https://www.ioerj.com.br/portal/modules/conteudoonline/mostra_edicao.php?session=VGxWT1EwNTZWWHBQUlZsMFRWUlNRMDVUTURCU1ZGVXhURlZLUWs1cVdYUk9lbWhEVGxWU1FrNTZXWGROYTFsM1RWUmpNMDlVU1RCT2VrRjVUMEU5UFE9PQ==,D:\github\exoneracoes_nomeacoes_dou\LAKE\RJ\2010\12\DOERJ_PARTE_I_PODER_EXECUTIVO_2010-12-27.md
RJ,Diario Oficial do Estado do Rio de Janeiro,2010-12-27,Parte I (Poder Executivo),nomeacao,MARCIA VALÉRIA DA SILVA,,,Governador,1,Wilson Jose Witzel - Governador,Wilson Jose Witzel,Executivo estadual,sim,MARCIA VALÉRIA DA SILVA:MISC|Marcia Valéria Da Silva:PER,sim,para exercer o cargo em comissão de Diretor de Divisão,do Departamento de Recursos Humanos,"NOMEAR MARCIA VALÉRIA DA SILVA, matrícula nº 1380-5, para exercer o cargo em comissão de Diretor de Divisão, símbolo CECIERJ VI, da Divisão de Controle de Pessoal e Concessão de Benefícios, do Departamento de Recursos Humanos, da Diretoria Geral de Administração e Finanças, da Fundação Centro de Ciências e Educação Superior à Distância do Estado do Rio de Janeiro - CECIERJ, da",https://www.ioerj.com.br/portal/modules/conteudoonline/mostra_edicao.php?session=VGxWT1EwNTZWWHBQUlZsMFRWUlNRMDVUTURCU1ZGVXhURlZLUWs1cVdYUk9lbWhEVGxWU1FrNTZXWGROYTFsM1RWUmpNMDlVU1RCT2VrRjVUMEU5UFE9PQ==,D:\github\exoneracoes_nomeacoes_dou\LAKE\RJ\2010\12\DOERJ_PARTE_I_PODER_EXECUTIVO_2010-12-27.md
RJ,Diario Oficial do Estado do Rio de Janeiro,2010-12-27,Parte I (Poder Executivo),nomeacao,FABIO RAPELLO ALENCAR,,,Governador,1,Wilson Jose Witzel - Governador,Wilson Jose Witzel,Executivo estadual,sim,FABIO RAPELLO ALENCAR:ORG|Fabio Rapello Alencar:PER,sim,para exercer o cargo em comissão de Diretor de Departamento,do Departamento de Material Impresso,"NOMEAR FABIO RAPELLO ALENCAR, matrícula nº 1343-3, para exercer o cargo em comissão de Diretor de Departamento, símbolo CECIERJ V, do Departamento de Material Impresso, da Diretoria de Material Didático, da Vice-Presidência de Educação Superior à Distância, da Fundação Centro de Ciências e Educação Superior à Distância do Estado do Rio de Janeiro - CECIERJ, da",https://www.ioerj.com.br/portal/modules/conteudoonline/mostra_edicao.php?session=VGxWT1EwNTZWWHBQUlZsMFRWUlNRMDVUTURCU1ZGVXhURlZLUWs1cVdYUk9lbWhEVGxWU1FrNTZXWGROYTFsM1RWUmpNMDlVU1RCT2VrRjVUMEU5UFE9PQ==,D:\github\exoneracoes_nomeacoes_dou\LAKE\RJ\2010\12\DOERJ_PARTE_I_PODER_EXECUTIVO_2010-12-27.md
RJ,Diario Oficial do Estado do Rio de Janeiro,2010-12-27,Parte I (Poder Executivo),nomeacao,MYLENE DEMARCO DA SILVA,,,Governador,1,Wilson Jose Witzel - Governador,Wilson Jose Witzel,Executivo estadual,sim,MYLENE DEMARCO DA SILVA:MISC|Mylene Demarco Da Silva:PER,sim,para exercer o cargo em comissão de Assistente,da Fundação Centro de Ciências e Educação Superior à Distância do Estado do Rio de Janeiro -CECIERJ,"NOMEAR MYLENE DEMARCO DA SILVA para exercer o cargo em comissão de Assistente, símbolo CECIERJ VI, da Fundação Centro de Ciências e Educação Superior à Distância do Estado do Rio de Janeiro -CECIERJ, da",https://www.ioerj.com.br/portal/modules/conteudoonline/mostra_edicao.php?session=VGxWT1EwNTZWWHBQUlZsMFRWUlNRMDVUTURCU1ZGVXhURlZLUWs1cVdYUk9lbWhEVGxWU1FrNTZXWGROYTFsM1RWUmpNMDlVU1RCT2VrRjVUMEU5UFE9PQ==,D:\github\exoneracoes_nomeacoes_dou\LAKE\RJ\2010\12\DOERJ_PARTE_I_PODER_EXECUTIVO_2010-12-27.md
RJ,Diario Oficial do Estado do Rio de Janeiro,2010-12-27,Parte I (Poder Executivo),nomeacao,EMERSON COUTO DE AGUIAR,,,Governador,1,Wilson Jose Witzel - Governador,Wilson Jose Witzel,Executivo estadual,sim,EMERSON COUTO:MISC|Emerson Couto De Aguiar:PER,sim,para exercer o cargo em comissão de Coordenador,da Fundação Centro de Ciências e Educação Superior à Distância do Estado do Rio de Janeiro - CECIERJ,"NOMEAR EMERSON COUTO DE AGUIAR, matrícula nº 1320-1, para exercer o cargo em comissão de Coordenador, símbolo CECIERJ VI, Coordenação de Contratos e Licitações, da Diretoria Geral de Administração e Finanças, da Fundação Centro de Ciências e Educação Superior à Distância do Estado do Rio de Janeiro - CECIERJ, da",https://www.ioerj.com.br/portal/modules/conteudoonline/mostra_edicao.php?session=VGxWT1EwNTZWWHBQUlZsMFRWUlNRMDVUTURCU1ZGVXhURlZLUWs1cVdYUk9lbWhEVGxWU1FrNTZXWGROYTFsM1RWUmpNMDlVU1RCT2VrRjVUMEU5UFE9PQ==,D:\github\exoneracoes_nomeacoes_dou\LAKE\RJ\2010\12\DOERJ_PARTE_I_PODER_EXECUTIVO_2010-12-27.md
RJ,Diario Oficial do Estado do Rio de Janeiro,2010-12-27,Parte I (Poder Executivo),nomeacao,EVELIANE SOARES TEIXEIRA,,,Governador,1,Wilson Jose Witzel - Governador,Wilson Jose Witzel,Executivo estadual,sim,SOARES TEIXEIRA:PER,sim,para exercer o cargo em comissão de Assessor,da Fundação Centro de Ciências e Educação Superior à Distância do Estado do Rio de Janeiro -CECIERJ,"NOMEAR EVELIANE SOARES TEIXEIRA para exercer o cargo em comissão de Assessor, símbolo CECIERJ V, da Fundação Centro de Ciências e Educação Superior à Distância do Estado do Rio de Janeiro -CECIERJ, da",https://www.ioerj.com.br/portal/modules/conteudoonline/mostra_edicao.php?session=VGxWT1EwNTZWWHBQUlZsMFRWUlNRMDVUTURCU1ZGVXhURlZLUWs1cVdYUk9lbWhEVGxWU1FrNTZXWGROYTFsM1RWUmpNMDlVU1RCT2VrRjVUMEU5UFE9PQ==,D:\github\exoneracoes_nomeacoes_dou\LAKE\RJ\2010\12\DOERJ_PARTE_I_PODER_EXECUTIVO_2010-12-27.md
RJ,Diario Oficial do Estado do Rio de Janeiro,2010-12-27,Parte I (Poder Executivo),nomeacao,ISIS FEIJÓ CORREA LIMA FERNANDES,,,Governador,1,Wilson Jose Witzel - Governador,Wilson Jose Witzel,Executivo estadual,sim,ISIS FEIJÓ:PER,sim,para exercer o cargo em comissão de Assessor,da Fundação Centro de Ciências e Educação Superior à Distância do Estado do Rio de Janeiro - CECIERJ,"NOMEAR ISIS FEIJÓ CORREA LIMA FERNANDES para exercer o cargo em comissão de Assessor, símbolo CECIERJ V, da Fundação Centro de Ciências e Educação Superior à Distância do Estado do Rio de Janeiro - CECIERJ, da",https://www.ioerj.com.br/portal/modules/conteudoonline/mostra_edicao.php?session=VGxWT1EwNTZWWHBQUlZsMFRWUlNRMDVUTURCU1ZGVXhURlZLUWs1cVdYUk9lbWhEVGxWU1FrNTZXWGROYTFsM1RWUmpNMDlVU1RCT2VrRjVUMEU5UFE9PQ==,D:\github\exoneracoes_nomeacoes_dou\LAKE\RJ\2010\12\DOERJ_PARTE_I_PODER_EXECUTIVO_2010-12-27.md
RJ,Diario Oficial do Estado do Rio de Janeiro,2010-12-27,Parte I (Poder Executivo),nomeacao,WOLNEY DE JESUS JARDIM,,,Governador,1,Wilson Jose Witzel - Governador,Wilson Jose Witzel,Executivo estadual,sim,WOLNEY DE JESUS JARDIM:MISC|Wolney De Jesus Jardim:PER,sim,para exercer o cargo em comissão de Assessor,da Fundação Centro de Ciências e Educação Superior à Distância do Estado do Rio de Janeiro -CECIERJ,"NOMEAR WOLNEY DE JESUS JARDIM para exercer o cargo em comissão de Assessor, símbolo CECIERJ V, da Fundação Centro de Ciências e Educação Superior à Distância do Estado do Rio de Janeiro -CECIERJ, da",https://www.ioerj.com.br/portal/modules/conteudoonline/mostra_edicao.php?session=VGxWT1EwNTZWWHBQUlZsMFRWUlNRMDVUTURCU1ZGVXhURlZLUWs1cVdYUk9lbWhEVGxWU1FrNTZXWGROYTFsM1RWUmpNMDlVU1RCT2VrRjVUMEU5UFE9PQ==,D:\github\exoneracoes_nomeacoes_dou\LAKE\RJ\2010\12\DOERJ_PARTE_I_PODER_EXECUTIVO_2010-12-27.md
RJ,Diario Oficial do Estado do Rio de Janeiro,2010-12-23,Parte I (Poder Executivo),nomeacao,CÉLIO ALVES SIQUEIRA,,,Secretario,5,Wilson Jose Witzel - Governador,Wilson Jose Witzel,Executivo estadual,sim,ALVES SIQUEIRA:PER,sim,,,"NOMEAR CÉLIO ALVES SIQUEIRA, matrícula nº 953400-9, com validade a contar de 09/02/1998, aprovado e classificado em 13º lugar, Professor Docente I-Disciplina Matemática, Coordenadoria Regional Metropolitana I, para o ingresso no cargo de provimento efetivo do quadro Permanente da",https://www.ioerj.com.br/portal/modules/conteudoonline/mostra_edicao.php?session=VDBSUk5WRlVaRVZQVkZWMFRucFdRMDlUTURCU2FsVjVURlZKTlUxcVFYUlBSR3hIVGxWSk5FOUZWWGRTUkdkNFRWUmpNMDlVU1RCT2VrMTNUMUU5UFE9PQ==,D:\github\exoneracoes_nomeacoes_dou\LAKE\RJ\2010\12\DOERJ_PARTE_I_PODER_EXECUTIVO_2010-12-23.md
RJ,Diario Oficial do Estado do Rio de Janeiro,2010-12-23,Parte I (Poder Executivo),nomeacao,MAJOR BM,,,Secretario,5,Wilson Jose Witzel - Governador,Wilson Jose Witzel,Executivo estadual,sim,MAJOR BM:LOC|Major Bm:PER,sim,para exercer o cargo em comissão de Assessor,da Subsecretaria de Estado de Defesa Civil,"NOMEAR CRISTIANO DOS SANTOS PARAÍSO , Major BM, RG CBMERJ 12.594, para exercer o cargo em comissão de Assessor, símbolo DAS-7, da Subsecretaria de Estado de Defesa Civil, da",https://www.ioerj.com.br/portal/modules/conteudoonline/mostra_edicao.php?session=VDBSUk5WRlVaRVZQVkZWMFRucFdRMDlUTURCU2FsVjVURlZKTlUxcVFYUlBSR3hIVGxWSk5FOUZWWGRTUkdkNFRWUmpNMDlVU1RCT2VrMTNUMUU5UFE9PQ==,D:\github\exoneracoes_nomeacoes_dou\LAKE\RJ\2010\12\DOERJ_PARTE_I_PODER_EXECUTIVO_2010-12-23.md
RJ,Diario Oficial do Estado do Rio de Janeiro,2010-12-23,Parte I (Poder Executivo),exoneracao,MIGUEL JERONIMO MIRANDA ROSA,,,Secretario,5,Wilson Jose Witzel - Governador,Wilson Jose Witzel,Executivo estadual,sim,MIGUEL JERONIMO MIRANDA ROSA:MISC|Miguel Jeronimo Miranda Rosa:PER,sim,do cargo em comissão de Assessor-Chefe,,"EXONERAR MIGUEL JERONIMO MIRANDA ROSA do cargo em comissão de Assessor-Chefe, símbolo DAS-8, da Assessoria de Controle Interno, da",https://www.ioerj.com.br/portal/modules/conteudoonline/mostra_edicao.php?session=VDBSUk5WRlVaRVZQVkZWMFRucFdRMDlUTURCU2FsVjVURlZKTlUxcVFYUlBSR3hIVGxWSk5FOUZWWGRTUkdkNFRWUmpNMDlVU1RCT2VrMTNUMUU5UFE9PQ==,D:\github\exoneracoes_nomeacoes_dou\LAKE\RJ\2010\12\DOERJ_PARTE_I_PODER_EXECUTIVO_2010-12-23.md
RJ,Diario Oficial do Estado do Rio de Janeiro,2010-12-23,Parte I (Poder Executivo),nomeacao,ELPÍDIO MIGUEL DA SILVA FILHO,,,Secretario,5,Wilson Jose Witzel - Governador,Wilson Jose Witzel,Executivo estadual,sim,ELPÍDIO MIGUEL DA SILVA FILHO:MISC|Elpídio Miguel Da Silva Filho:PER,sim,para exercer o cargo em comissão de Assessor-Chefe,,"NOMEAR ELPÍDIO MIGUEL DA SILVA FILHO para exercer o cargo em comissão de Assessor-Chefe, símbolo DAS-8, da Assessoria de Controle Interno, da",https://www.ioerj.com.br/portal/modules/conteudoonline/mostra_edicao.php?session=VDBSUk5WRlVaRVZQVkZWMFRucFdRMDlUTURCU2FsVjVURlZKTlUxcVFYUlBSR3hIVGxWSk5FOUZWWGRTUkdkNFRWUmpNMDlVU1RCT2VrMTNUMUU5UFE9PQ==,D:\github\exoneracoes_nomeacoes_dou\LAKE\RJ\2010\12\DOERJ_PARTE_I_PODER_EXECUTIVO_2010-12-23.md
